feature,corr
body_abs_pct,0.029604442376529944
range_pct,0.02775982071582459
upper_shadow_pct,0.02331216968199094
atr_14_pct,0.02166079704043573
vol_24h,0.0206562043116261
vol_6h,0.020167810136956132
downside_vol_24h,0.01830810176619209
log_ret_3h,0.013986768186848249
close_to_sma_6,0.013840354624199771
ret_3h,0.013068926008727024
log_ret_24h,0.012415745835693161
log_ret_6h,0.011271062967423818
ret_24h,0.011051316673529009
log_volume,0.011001229129081112
vol_72h,0.010678272069335084
