label_up,pct
1,50.352112676056336
0,49.647887323943664
