label_up,pct
1,50.65392354124748
0,49.34607645875251
