label_up,pct
1,50.605908176330715
0,49.39409182366929
