label_up,pct
0,50.18977501371867
1,49.81022498628133
