direction_3class,pct
1,50.605908176330715
-1,49.382659593927194
0,0.011432229742088896
