direction_3class,pct
1,49.81022498628133
-1,49.10828608011706
0,1.0814889336016096
