direction_3class,pct
1,50.65392354124748
-1,49.291201755990485
0,0.0548747027620267
