direction_3class,pct
1,50.352112676056336
-1,48.516096579476866
0,1.1317907444668007
