Asset,Model,max_depth,learning_rate,n_estimators,Threshold,Cumulative Return,Annualized Return,Annualized Volatility,Annualized Sharpe,Maximum Drawdown,Turnover,Number of Trades,Average Return per Trade,Precision,Recall,Accuracy,TP,FP,FN,TN
BTC,XGBoost,4,0.1,200,0.6300000000000001,-0.12797458172106457,-0.1039057405356878,0.10042354363686089,-1.0422000877812458,-0.17048236653489912,1103.0,1103.0,0.00011186127160957675,0.5557065217391305,0.07369369369369369,0.49990854216206326,409.0,327.0,5141.0,5057.0
ETH,XGBoost,3,0.1,200,0.6400000000000001,0.3469821289911348,0.2695239716133806,0.18053265937233484,1.4122982417757666,-0.10927630020531265,862.0,862.0,0.0010880843953717126,0.6245136186770428,0.05766121789114424,0.5025608194622279,321.0,193.0,5246.0,5174.0
XRP,XGBoost,5,0.05,200,0.6400000000000001,0.07593097967257045,0.06038783982572049,0.29260552239785675,0.3484516462706686,-0.17232326072046966,658.0,658.0,0.0006743140942499188,0.5911330049261084,0.043612574959113214,0.503475397841595,240.0,166.0,5263.0,5265.0
SOL,XGBoost,3,0.05,200,0.5800000000000001,0.03821199042411205,0.030499766361138603,0.27137710342034455,0.24677407944190202,-0.20904621725978656,748.0,748.0,0.000567275234628826,0.5356415478615071,0.047302158273381294,0.49469544539967075,263.0,228.0,5297.0,5146.0
