Model,Validation Sharpe,Validation Precision,Validation Recall,Validation Avg Return,Test Sharpe,Test Precision,Test Recall,Test Avg Return
GRU,0.0575547451286008,0.5721446985532033,0.08492300333051084,0.00030518796645175907,-0.026810309111259967,0.5158116502415104,0.09130420734719685,-0.00019623424735477617
LightGBM,0.06634550657909273,0.5637302702423275,0.03213734943488981,0.0004243565538672566,0.016217683376977987,0.5074882056506047,0.1104562091739235,1.9746892468973463e-05
Logistic Regression,0.05029366177235001,0.5743462493402904,0.039682269974569286,0.0001932354994192259,0.019259306190885457,0.526864798909092,0.331520182133992,0.00010659693910406932
RSI,-0.01283499045520939,0.5271346356820202,0.4861277799856346,-0.0001200989737544781,-0.007093648503159205,0.5162364155683966,0.48381425683635493,-6.255247752938532e-05
SMA,-0.0007538035159943723,0.49697747170870343,0.27190004110240246,2.7997270539015418e-05,-0.02294177612515321,0.48483446064514063,0.3067466478598069,-0.0004936927819455628
XGBoost,0.008285348475217317,0.521472744485645,0.08460824454828784,1.3607332447937906e-05,0.0012840132647898512,0.5031240409734002,0.19977696737912629,2.3494285256518374e-05
