Feature Type,Validation Sharpe,Validation Precision,Validation Recall,Validation Avg Return,Test Sharpe,Test Precision,Test Recall,Test Avg Return
extended,0.05780813714283322,0.6720739107772568,0.04670706043720725,0.0004701655202501428,0.026748341519161056,0.5413056875994452,0.07988595984538874,0.00021122494973590413
raw,0.03646305922469809,0.6440854757986701,0.08633919530146461,0.00026616371892720757,0.01001325693021764,0.5015731980085786,0.18823485885190938,9.110819959635657e-05
