Input Type,Validation Sharpe,Validation Precision,Validation Recall,Validation Avg Return,Test Sharpe,Test Precision,Test Recall,Test Avg Return
candle,0.03190109791325285,0.6513211888519926,0.08181076548094324,0.00027774085271463236,0.02487397750825865,0.5364477089246447,0.14928402362745527,0.00022737907530103675
ohlc,0.03986080686761839,0.6297957677746694,0.06338684285848004,0.00031059957303905333,0.016958473925164256,0.5208520416217793,0.14135013393876725,0.00010650745381393928
