Model,Validation Sharpe,Validation Precision,Validation Recall,Validation Avg Return,Test Sharpe,Test Precision,Test Recall,Test Avg Return
GRU,0.027042507949013743,0.5394716141440448,0.06798534110129675,0.00025290012752891546,-0.07913412713289505,0.46595283492291956,0.04307432432432432,-0.001170038632963782
LightGBM,0.10411458601068851,0.5404516775048895,0.029673729608100507,0.0011428005277833565,0.008963756070383452,0.4967597465424184,0.07735866716585549,8.906778363768201e-05
Logistic Regression,0.07133907588637715,0.542377537523177,0.025501593849615603,0.0005643261227640924,0.0556281478100488,0.5411416893399807,0.16973979782852863,0.00048573118695318166
RSI,-0.0272143900451465,0.5138489208633094,0.5361231000187653,-0.0002815230814119842,0.005469004985736329,0.5081189563948184,0.5219265367316341,4.8570812479642366e-05
SMA,-0.015626137559788335,0.49459391501131506,0.37574021012416425,-0.00015872272505564319,-0.0072988005563676085,0.4858003442340792,0.43108056510118364,-7.348525635567266e-05
XGBoost,0.03293303483895056,0.5149892893878408,0.0712544534033377,0.0003348211715200885,0.005763100852302627,0.4871623667412131,0.13136465743167353,6.0940286277675105e-05
