Feature Type,Validation Sharpe,Validation Precision,Validation Recall,Validation Avg Return,Test Sharpe,Test Precision,Test Recall,Test Avg Return
extended,0.006756173754099244,0.5802916985273133,0.04444078373453104,-4.142583898798457e-05,-0.026183525988177248,0.5322088825773635,0.1126448208341474,-0.0002199243296324142
raw,0.007588938722974038,0.5339878302230249,0.08199925171690522,-6.155964497343089e-05,-0.034326289449422905,0.4885432624588674,0.2905822996352304,-0.0003443156615269596
