Feature Type,Validation Sharpe,Validation Precision,Validation Recall,Validation Avg Return,Test Sharpe,Test Precision,Test Recall,Test Avg Return
extended,0.04754545148675575,0.5880386850424228,0.052196685683303934,0.00025667551997773306,-0.03755442552134646,0.5397343374685047,0.0936446404006301,-0.00014747262909624968
raw,0.07675321327239874,0.5473202235173894,0.10963635923060858,0.0005542161859750282,0.020274844333332844,0.5043468711274437,0.18794719164023138,0.00013791544469814158
