Model,Validation Sharpe,Validation Precision,Validation Recall,Validation Avg Return,Test Sharpe,Test Precision,Test Recall,Test Avg Return
GRU,0.013957487366624074,0.5856807672698425,0.1826852866009492,6.924454713671269e-05,0.053492699845465425,0.5360392072314681,0.11804798255179927,0.00080101778609855
LightGBM,-0.0104037819050284,0.5870071954190471,0.026694606413994123,-2.941773368165001e-05,0.11935297699424215,0.5442838467525819,0.0129263425253991,0.0019384901747008
Logistic Regression,-0.008434483792905699,0.597757124035847,0.15483782798833817,-0.0002511421545048259,0.1438302089031772,0.6010526479233368,0.038642960812772076,0.002441956856614375
RSI,0.0161628618778522,0.549043549043549,0.4917973022238425,0.0001284287963732,0.0158818430376836,0.5310330747243773,0.4720508166969147,0.0001644242847764
SMA,0.0258474911963766,0.5341463414634147,0.0400878638110928,0.0004232952161745,0.0578202105205201,0.5005359056806002,0.085032774945375,0.0009873411260893
XGBoost,0.0198607052654186,0.5498285011833635,0.0569879737609329,0.00019350378944121743,0.0238042565909577,0.5247159911130127,0.105361030478955,0.00024905024416125
