Model,Validation Sharpe,Validation Precision,Validation Recall,Validation Avg Return,Test Sharpe,Test Precision,Test Recall,Test Avg Return
GRU,0.06235252185142242,0.7209212733057315,0.0935199228450404,0.0005238096279388047,0.029658216606389162,0.5772487533772763,0.09482406215146864,0.00021741148757095142
LightGBM,0.027045165768880237,0.5952140521789159,0.04434085619713957,0.00017383187816235178,-0.009592123999119562,0.5318930111529772,0.08983884787489302,-0.00011003585922615233
Logistic Regression,0.02338709537165054,0.7660892449832091,0.026405291124837794,0.00017257813341407203,0.007647105246140447,0.5561349628409864,0.13873422472984018,8.927192414461044e-05
RSI,-0.009375758340604308,0.5365458633102781,0.46863065061228487,-9.50449714032255e-05,-0.009022311782869214,0.5246810844398475,0.46339457472084383,-9.669564370354711e-05
SMA,-0.005344593110749739,0.5340852252111392,0.11668981359187701,-6.544283184526387e-05,-0.012337388008306404,0.4934342767365068,0.12319088389165656,-0.00013233813143797896
XGBoost,-0.014503533337885621,0.5287242622534798,0.12018108852246981,-0.00013313732395827096,-0.019610317379577222,0.5107000632867117,0.1920561401739327,-0.000201246449084913
