Input Type,Validation Sharpe,Validation Precision,Validation Recall,Validation Avg Return,Test Sharpe,Test Precision,Test Recall,Test Avg Return
candle,0.015751993497318928,0.5458445680820472,0.12371247804296658,0.00012013374926416876,-0.01848166109985933,0.4934512143337173,0.08595647987079534,-0.00022343382527913747
ohlc,0.04206100154132336,0.5619117325156348,0.07246030638966568,0.0004285760620639633,0.014956254905734202,0.5387745811827006,0.13119943269808157,0.00013816481759408567
