Input Type,Validation Sharpe,Validation Precision,Validation Recall,Validation Avg Return,Test Sharpe,Test Precision,Test Recall,Test Avg Return
candle,0.059078717931818535,0.5673106098378863,0.09913977004641973,0.0006626790173660148,0.04883652227289678,0.5329789823970363,0.08159154929177852,0.0006277093989301204
ohlc,0.05245692911522547,0.5750938427323331,0.0598183930136551,0.0005569441813728685,0.08505378736815805,0.5715881231691206,0.08533314784855961,0.0008762619393009851
