Model,Validation Sharpe,Validation Precision,Validation Recall,Validation Avg Return,Test Sharpe,Test Precision,Test Recall,Test Avg Return
GRU,0.02098134517113675,0.5565416269874364,0.17994045403796052,0.00013446636829728603,-0.07790203482681149,0.520680932584633,0.085137152453816,-0.0003547894507732114
LightGBM,0.09793719554954951,0.5939104319788902,0.018423983664377204,0.0005346948426914527,0.05619366588192446,0.5278524702775441,0.045023255813953486,0.00041776743832743076
Logistic Regression,0.1306877933162156,0.6003879597602015,0.03257842955262669,0.0009433226283639094,-0.01310975772877504,0.5224962210354658,0.2622325581395349,-8.855013460248843e-05
RSI,-0.013073577465764478,0.5376499793131981,0.4828162734534646,-7.582043664895227e-05,-0.011451766808105007,0.5198342214328004,0.49059415161110076,-7.964274125356543e-05
SMA,0.011800168485265028,0.5027916544225683,0.32083255203450217,9.777979278109008e-05,-0.0015001930247383144,0.4925373134328358,0.3784545967287084,2.4144985416566398e-05
XGBoost,-0.0010090045185928804,0.5198777983930966,0.09272322257286059,9.299572552874483e-06,0.00025896429763485034,0.517132793294254,0.17079069767441862,6.457778252052859e-06
