Model,Validation Sharpe,Validation Precision,Validation Recall,Validation Avg Return,Test Sharpe,Test Precision,Test Recall,Test Avg Return
GRU,0.009327301036011414,0.5394716141440448,0.06798534110129675,7.990387053912115e-05,-0.10285778286488365,0.46595283492291956,0.04307432432432432,-0.001418089165054674
LightGBM,0.07631034079313768,0.5404516775048895,0.029673729608100507,0.0008433138891525175,-0.016314447233916052,0.4967597465424184,0.07735866716585549,-0.00017313276006329564
Logistic Regression,0.04278251131226998,0.542377537523177,0.025501593849615603,0.0003117195417009537,0.028603347665316643,0.5411416893399807,0.16973979782852863,0.00024959389875700967
RSI,-0.03304393269998936,0.5138489208633094,0.5361231000187653,-0.00034182883680766756,-0.0010453231509787975,0.5081189563948184,0.5219265367316341,-9.28359365062582e-06
SMA,-0.015990742163603636,0.49459391501131506,0.37574021012416425,-0.00016241897851302308,-0.00767278825021632,0.4858003442340792,0.43108056510118364,-7.72503165966365e-05
XGBoost,0.0049690362040862865,0.5149892893878408,0.0712544534033377,4.4194829606066736e-05,-0.023376475778247162,0.4871623667412131,0.13136465743167353,-0.00020222805280661215
