Feature Type,Validation Sharpe,Validation Precision,Validation Recall,Validation Avg Return,Test Sharpe,Test Precision,Test Recall,Test Avg Return
extended,0.07906234670622136,0.6708223648037995,0.040675465536171705,0.0006311454070279867,0.04218175501301035,0.5760180339478048,0.07429486963577338,0.00035659663980209334
raw,0.04056495671273218,0.6346520515568687,0.1015481138085721,0.0002411452779198448,0.012465230909356589,0.5119703613811709,0.18343176782929388,5.916070022251512e-05
