Input Type,Validation Sharpe,Validation Precision,Validation Recall,Validation Avg Return,Test Sharpe,Test Precision,Test Recall,Test Avg Return
candle,0.04483096918870856,0.5222792012217471,0.14918025909319949,0.000423917339895175,0.0163399971343219,0.5058579821206838,0.24789340597148998,0.00015952707509677243
ohlc,0.05327389910988533,0.5276669985694081,0.1382875893072578,0.0005321761383978851,0.02055515184156125,0.5070448559209402,0.20438244953583307,0.00017246592036902444
