Feature Type,Validation Sharpe,Validation Precision,Validation Recall,Validation Avg Return,Test Sharpe,Test Precision,Test Recall,Test Avg Return
extended,0.03594403931220235,0.5915944658192291,0.05881772896289485,0.0004488328075673295,0.038061119156425106,0.561641156965012,0.06143115463465956,0.000561208211162444
raw,0.003198257913512063,0.5348526255457455,0.13049441648629137,6.72749237005291e-05,0.0016085017158952452,0.510967627858911,0.15028360999283735,2.5746128505176407e-05
