Input Type,Validation Sharpe,Validation Precision,Validation Recall,Validation Avg Return,Test Sharpe,Test Precision,Test Recall,Test Avg Return
candle,0.03181108415309579,0.5267605917771642,0.06897916907252673,0.0002962099144358096,-0.006662729662928805,0.5043108791645047,0.15095271528079934,-7.335960149375511e-05
ohlc,0.03488351051965689,0.5418844675028118,0.028228389908648562,0.0003433561510635199,-0.050309949442936305,0.49119743960876117,0.05981600809439166,-0.0006985684380900309
