Input Type,Validation Sharpe,Validation Precision,Validation Recall,Validation Avg Return,Test Sharpe,Test Precision,Test Recall,Test Avg Return
candle,0.05604443258580149,0.5267605917771642,0.06897916907252673,0.0005402490620236231,0.017042504113548136,0.5043108791645047,0.15095271528079934,0.00015864700256854958
ohlc,0.0616701697567135,0.5418844675028118,0.028228389908648562,0.0006071749127746033,-0.021432065313628224,0.49119743960876117,0.05981600809439166,-0.00042579669061617117
