Model,Validation Sharpe,Validation Precision,Validation Recall,Validation Avg Return,Test Sharpe,Test Precision,Test Recall,Test Avg Return
GRU,0.10861858282501353,0.5929420775278172,0.03922181804701187,0.0012091049525728248,0.07730466120892586,0.5885437779523247,0.08451412164124078,0.001050268049871775
LightGBM,0.06866646043837211,0.566339193045986,0.06958358560740906,0.000648906246535437,0.05358695130290206,0.5481460829386328,0.07249084809475431,0.0006532822147132281
Logistic Regression,0.05533181840675416,0.5825217966005115,0.07322562429330472,0.0005611854830938724,0.06896354403870995,0.5581701070025902,0.03858334316394541,0.0008250404585627179
RSI,0.01412495889208195,0.5460107311821895,0.4607823541840583,0.00011331661598900375,0.006858146271101454,0.5334566452318295,0.451697731178399,6.853402570361275e-05
SMA,0.012044440922490188,0.5286146164307874,0.05274664787723134,0.00024076609447812384,0.028610303647539644,0.523911936565395,0.05851227657274511,0.0003794558757954184
XGBoost,0.031627919263544,0.5360872788439531,0.13521400008840206,0.0002645075457876163,0.017470071382311936,0.5175578474099761,0.1730991552115573,0.00013990050335932052
