Feature Type,Validation Sharpe,Validation Precision,Validation Recall,Validation Avg Return,Test Sharpe,Test Precision,Test Recall,Test Avg Return
extended,-0.009319449047806237,0.5747654249064109,0.12309945810468724,-4.208641252265332e-05,-0.04847222224013681,0.5416619942163252,0.2137125728174413,-0.00029783979712055147
raw,-6.13027978845136e-05,0.5257900894854993,0.11061793072281526,1.8102508533687322e-05,-0.02582667045383897,0.4995007893728446,0.4484240945290206,-0.0001227942641212624
