Input Type,Validation Sharpe,Validation Precision,Validation Recall,Validation Avg Return,Test Sharpe,Test Precision,Test Recall,Test Avg Return
candle,0.07471922124169615,0.6763960060685187,0.07747488080051729,0.0004886100243210871,0.040741453323545423,0.5164623127429262,0.14812475735717745,0.00029077731787246694
ohlc,0.04818036133345801,0.6594421891632197,0.11346528246471763,0.00023779630209696878,0.0320172481150614,0.5313037923132196,0.11730870231914947,0.00014215663413543345
