Input Type,Validation Sharpe,Validation Precision,Validation Recall,Validation Avg Return,Test Sharpe,Test Precision,Test Recall,Test Avg Return
candle,-0.021421548651560166,0.5591610321849553,0.044708208703286775,-0.00032720629025684403,-0.0316926555425766,0.504681506197276,0.27365447294739775,-0.0004880620344588604
ohlc,-0.01521928394240631,0.5745824810165175,0.025559571385939887,-0.0009934467487077484,-0.030590602911904363,0.4972919567352754,0.2545370606444909,-0.0005036645455135954
