Feature Type,Validation Sharpe,Validation Precision,Validation Recall,Validation Avg Return,Test Sharpe,Test Precision,Test Recall,Test Avg Return
extended,-0.03804243761635154,0.5867945477178026,0.0287331367769633,-0.0006904789552428462,-0.03891937215542594,0.51199342181302,0.16575557290216236,-0.0005669952422131447
raw,0.0014016050223850628,0.5469489654836702,0.041534643312263364,-0.0006301740837217462,-0.02336388629905503,0.4899800411195314,0.3624359606897263,-0.00042473133775931116
