Input Type,Validation Sharpe,Validation Precision,Validation Recall,Validation Avg Return,Test Sharpe,Test Precision,Test Recall,Test Avg Return
candle,0.0647824065774733,0.6733860332037774,0.10795375890464094,0.0007725659087827874,0.0287715722366681,0.5902303571042344,0.16135710854941623,0.00036675581910727454
ohlc,0.09073776196262869,0.6243831647147586,0.08895795692837169,0.0008645315716939362,0.0021597695690028203,0.49978162233279566,0.14261771034523052,7.626209960637748e-05
