Feature Type,Validation Sharpe,Validation Precision,Validation Recall,Validation Avg Return,Test Sharpe,Test Precision,Test Recall,Test Avg Return
extended,0.1791596026173512,0.6536690032436644,0.028077108626344098,0.0016777736626805205,0.053119260485457356,0.5783182144212746,0.05184958758493933,0.0006483868645966548
raw,0.04647287791036755,0.6441001946748717,0.16883460720666854,0.00042307422296746134,0.016898586325387398,0.5116937650157555,0.2521252313097074,0.0001796455088146453
