Feature Type,Validation Sharpe,Validation Precision,Validation Recall,Validation Avg Return,Test Sharpe,Test Precision,Test Recall,Test Avg Return
extended,0.04427140611471823,0.6441375645557519,0.05728911079766429,0.00025425993346393447,0.023149911533720497,0.49550727211707496,0.06532125231232458,0.0002179789999436984
raw,0.02998994948939645,0.6249200065827633,0.09346707199254572,0.00023576504025195455,0.00930689986073215,0.47216190872653646,0.16783632263138779,8.003419495032505e-05
