Input Type,Validation Sharpe,Validation Precision,Validation Recall,Validation Avg Return,Test Sharpe,Test Precision,Test Recall,Test Avg Return
candle,-0.00524687831634579,0.5401850935748921,0.1039793797358989,-8.757948846340221e-05,-0.022126183692545397,0.5135407543580658,0.2864890968987942,-0.00017660732420734902
ohlc,0.006475471689204911,0.5620044157294241,0.07353444315448966,-0.00010341335807216049,-0.025978074839967634,0.5148429256191139,0.21927904183346428,-0.00019136646625550114
