Input Type,Validation Sharpe,Validation Precision,Validation Recall,Validation Avg Return,Test Sharpe,Test Precision,Test Recall,Test Avg Return
candle,-0.021053481370850363,0.5446407277498377,0.10380507653371633,-0.00015177484504932926,-0.036641834925900285,0.5232742425692397,0.07814778632605977,-0.0002948305235149838
ohlc,0.010590838965296487,0.5595781546429995,0.0733173976924445,0.00015339887292286673,-0.0029100076176078915,0.5386356728179059,0.13098914947604148,-6.64304609029114e-07
