Feature Type,Validation Sharpe,Validation Precision,Validation Recall,Validation Avg Return,Test Sharpe,Test Precision,Test Recall,Test Avg Return
extended,0.0524443242726533,0.5829996383082295,0.04593970764087739,0.0002838742312243099,0.0022382187812197995,0.5277699014938921,0.10453780425886464,3.3255292007054895e-05
raw,0.0735098959829291,0.5517011465085212,0.055624604073643544,0.0005657396692438987,0.003741064579411071,0.5099220958111255,0.1816405822725641,3.712605504830275e-05
