Feature Type,Validation Sharpe,Validation Precision,Validation Recall,Validation Avg Return,Test Sharpe,Test Precision,Test Recall,Test Avg Return
extended,0.03823306567270912,0.5907433933954486,0.0503462817220266,0.00022362750028777115,0.0521518085236241,0.5399976175580031,0.1310504952034063,0.00021930257047368473
raw,0.06844808589406436,0.5339416377280174,0.12371987473373394,0.0003900913090789681,0.009449671392979761,0.5029836850691168,0.32975055179611185,3.344861373095287e-05
