Feature Type,Validation Sharpe,Validation Precision,Validation Recall,Validation Avg Return,Test Sharpe,Test Precision,Test Recall,Test Avg Return
extended,0.11422182181001371,0.5985560994638364,0.06041238694596388,0.0005988362865968223,0.06636979832279365,0.6083904639814155,0.06382580824757995,0.0009451982675800464
raw,0.048665674825871794,0.5412939071339151,0.11259397685036893,0.0003490507081489899,0.056462644339143164,0.5358158796684009,0.11788007258170685,0.00036002075913711944
