Feature Type,Validation Sharpe,Validation Precision,Validation Recall,Validation Avg Return,Test Sharpe,Test Precision,Test Recall,Test Avg Return
extended,-0.03307989311963735,0.5815417590398042,0.037376753798239834,-0.000684615429173094,-0.0273916815877985,0.5197863630875744,0.237625698037767,-0.00031728172018161426
raw,-0.05493774303584572,0.5312338547753354,0.04018195602729335,-0.0010591963719889512,-0.022546026241525633,0.4945465428418716,0.4607643390751373,-0.00023288226029181245
