Model,Validation Sharpe,Validation Precision,Validation Recall,Validation Avg Return,Test Sharpe,Test Precision,Test Recall,Test Avg Return
GRU,0.10827509348295844,0.6451116448188285,0.018346111719605696,0.001418212945630226,0.16602492039571604,0.6284500286107356,0.00722464558342421,0.0018513364787984736
LightGBM,-0.016969596764872426,0.5870071954190471,0.026694606413994168,-2.9417733681662427e-05,0.11537201779658822,0.5703451548451548,0.015103410740203193,0.001869290822159603
Logistic Regression,-0.01579354045845936,0.597757124035847,0.1548378279883382,-0.00025114215450482553,0.15403489317228164,0.5888526162982399,0.03986756168359942,0.0020506700343124857
RSI,0.015496349221849597,0.549043549043549,0.4917973022238425,0.0001284287963732067,0.014233616100795989,0.5310330747243773,0.4720508166969147,0.00016442428477647067
SMA,0.019242406676311018,0.5341463414634147,0.040087863811092805,0.0004232952161745058,0.07492068454962697,0.5005359056806002,0.08503277494537509,0.000987341126089375
XGBoost,0.01669066892441172,0.5498285011833635,0.056987973760932946,0.0001935037894412791,0.02366498310856441,0.5136041697584437,0.09869375907111755,0.00019533801370944615
