Model,Validation Sharpe,Validation Precision,Validation Recall,Validation Avg Return,Test Sharpe,Test Precision,Test Recall,Test Avg Return
GRU,-0.0010077807535255482,0.551634952875754,0.1878954224041682,-1.687182358249135e-05,-0.020802799458760325,0.527506939010422,0.08952229893636873,-0.00013880535139654024
LightGBM,0.04025693069522168,0.5939104319788902,0.018423983664377204,0.00022822073513701258,-0.0550019010791929,0.5093900829014121,0.05116279069767442,-0.0003985352089163655
Logistic Regression,0.08324509816258921,0.6003879597602015,0.03257842955262669,0.0006759508260934792,-0.021156990445210643,0.5227641275430084,0.26176744186046513,-0.00018345662427195992
RSI,-0.02522739969224422,0.5376499793131981,0.4828162734534646,-0.00014344559179996593,-0.02016806420215098,0.5198342214328004,0.49059415161110076,-0.00014353656402838288
SMA,0.013031750430721674,0.5027916544225683,0.32083255203450217,9.171161764150732e-05,0.002241139226847508,0.4925373134328358,0.3784545967287084,1.943492914056934e-05
XGBoost,-0.04765752352369093,0.5198777983930966,0.09272322257286059,-0.00026357662721013974,-0.020675831138358372,0.5195757132366774,0.19288372093023257,-0.00013999798007991539
