Model,Validation Sharpe,Validation Precision,Validation Recall,Validation Avg Return,Test Sharpe,Test Precision,Test Recall,Test Avg Return
GRU,0.08266089475826277,0.5865791860400333,0.05773371613134757,0.0005150055130401213,0.07120746270369521,0.6726323788823789,0.07059830600108127,0.0015409370589020155
LightGBM,0.0178228890280491,0.5623700770604931,0.05717227793696275,9.444944209222149e-05,-0.02485957005381938,0.5415358460120747,0.04731066738622054,-0.00014998457947853228
Logistic Regression,0.03126657940091502,0.5955120093713302,0.03174247851002865,0.0003239364263533176,0.03521376049220664,0.5542802241622737,0.035977693829825505,0.0003024267746488478
RSI,0.00041978634795924156,0.5525309336332959,0.44014336917562724,1.600079954445813e-05,0.0021844666811146143,0.5370082240497889,0.43476696059024655,2.438727001342767e-05
SMA,0.02287046391380193,0.5325670498084292,0.07498651321704729,0.0001503005217527743,-0.00888286694766204,0.5223367697594502,0.05489346334416757,-3.715613989821005e-05
XGBoost,-0.010825492047051981,0.5352387407236463,0.19936425501432664,-5.908070868647087e-05,-0.016709756462065968,0.5199642382429056,0.2095250944414463,-8.537250726461209e-05
