Input Type,Validation Sharpe,Validation Precision,Validation Recall,Validation Avg Return,Test Sharpe,Test Precision,Test Recall,Test Avg Return
candle,0.1052952262523124,0.5550250067718585,0.0992828121329827,0.0015164007813662857,0.04055621800643067,0.5405416002081179,0.11908039349806865,0.0005299616334632299
ohlc,0.09096460863091471,0.5570515295045727,0.0852773947685154,0.0012486147030653875,0.013691676677122325,0.5194674774127929,0.19326701066478644,0.0001858854520389322
