Feature Type,Validation Sharpe,Validation Precision,Validation Recall,Validation Avg Return,Test Sharpe,Test Precision,Test Recall,Test Avg Return
extended,-0.01674086492919802,0.5836410390417464,0.03357736170097546,-0.000450708038732124,-0.01721988250851052,0.5169045857809894,0.16960211838682013,-0.0002311316608259453
raw,0.023069647173295377,0.5506166261412625,0.04072727249159468,-0.0003264741432592232,-0.008993328397320107,0.4964463474104297,0.43993827472967273,-0.00012874389256651192
