Input Type,Validation Sharpe,Validation Precision,Validation Recall,Validation Avg Return,Test Sharpe,Test Precision,Test Recall,Test Avg Return
candle,0.05195782891547842,0.6589138188443773,0.0746924845371162,0.00035473494533083054,0.06033712889049888,0.5506620025732785,0.11099665782772752,0.00035099310712918667
ohlc,0.06223330333092643,0.6762628176906886,0.11371976086889622,0.00027178198456911885,0.04721277779170265,0.5360347623756052,0.11413111605660517,0.00019903576325462974
