Feature Type,Validation Sharpe,Validation Precision,Validation Recall,Validation Avg Return,Test Sharpe,Test Precision,Test Recall,Test Avg Return
extended,-0.004981371522507575,0.6952128855352266,0.028721318740292587,-0.00013449828443349486,0.01067774267973894,0.5819891283555412,0.10938401505774382,0.0001387144223174
raw,-0.0088676976766676,0.6004255266302752,0.06799625469963094,-0.00019202344344974366,-0.0100544430486332,0.4759303828988586,0.22009967922511547,-0.00013231035459212437
