Feature Type,Validation Sharpe,Validation Precision,Validation Recall,Validation Avg Return,Test Sharpe,Test Precision,Test Recall,Test Avg Return
extended,0.005066694315554001,0.6877374120734588,0.028306687883347306,-3.220740843594453e-05,0.022606230347933843,0.6080500727085594,0.09843646309518742,0.00010797304852961225
raw,0.013100742697316061,0.6198063764457913,0.030351512980613445,-0.00028384045076656106,-0.021924946780470873,0.5245388213714358,0.199584550240553,-0.0004119686370591168
