Input Type,Validation Sharpe,Validation Precision,Validation Recall,Validation Avg Return,Test Sharpe,Test Precision,Test Recall,Test Avg Return
candle,0.06881685855672723,0.6592936948830175,0.07139741146767074,0.0007719749189231393,0.03715143568688808,0.5523939512694864,0.12640973491770502,0.00043193460786760556
ohlc,0.07759690630419316,0.6486298981524617,0.056965651117180396,0.0009955968280797435,0.015890192405112656,0.5150222187523786,0.09793518221420679,0.0002003777853207005
