Input Type,Validation Sharpe,Validation Precision,Validation Recall,Validation Avg Return,Test Sharpe,Test Precision,Test Recall,Test Avg Return
candle,0.03176530728147346,0.5554618745155322,0.06290905810615623,0.00020740943428753373,-0.0039994060041752995,0.5219640367270438,0.1814560942904134,-2.3562305372371964e-05
ohlc,0.0971430582585632,0.583172876557318,0.036231060684753444,0.0006531280086002143,0.010869778619862614,0.5165573698303806,0.09373396509365121,0.00010206045205336202
