Model,Validation Sharpe,Validation Precision,Validation Recall,Validation Avg Return,Test Sharpe,Test Precision,Test Recall,Test Avg Return
GRU,0.0708657075905799,0.5877988320721126,0.09431053811659193,0.0003962618253801543,0.038127948710040355,0.5346856561228066,0.16923791821561338,0.0001702651548824687
LightGBM,0.06148207152277799,0.5633287732447847,0.06291946308724833,0.0003572959958848494,0.04526368968187007,0.5176265242449061,0.13193027999258297,0.00019140734391633605
Logistic Regression,0.04744946588187714,0.5776403245523343,0.06506338553318419,0.00029291755002586314,0.04096499501799077,0.5317000838946612,0.34697756350825143,0.0001411814670181317
RSI,-0.01745216732120705,0.5304538216560509,0.4971087483678418,-0.00010354952519063616,-0.003078197658694318,0.5195596618832318,0.4905345211581292,-3.963943733634109e-06
SMA,-0.0021262891408034444,0.4970745357415416,0.3695158850226929,3.3951652774600785e-06,-0.01282672528563954,0.4923226907141116,0.3798420458819105,-6.661816037307711e-05
XGBoost,0.03356505813831192,0.5206021323777004,0.12583892617449666,0.0001809622474426117,-0.001153673576693456,0.5019503409918661,0.27345633228258853,2.6484025923386904e-06
