Input Type,Validation Sharpe,Validation Precision,Validation Recall,Validation Avg Return,Test Sharpe,Test Precision,Test Recall,Test Avg Return
candle,0.030024317697468536,0.5673106098378863,0.09913977004641973,0.0004002334124858087,0.021182871345016292,0.5329789823970363,0.08159154929177852,0.00035926001827985904
ohlc,0.02286621030734628,0.5750938427323331,0.0598183930136551,0.00030491884946519805,0.05270612488646564,0.5715881231691206,0.08533314784855961,0.0006096840462178106
