Model,Validation Sharpe,Validation Precision,Validation Recall,Validation Avg Return,Test Sharpe,Test Precision,Test Recall,Test Avg Return
GRU,-0.0148935252912435,0.5906063373849505,0.06658434650455924,-0.00031638554548099997,-0.01105354835713995,0.5289763580551594,0.36650575566282956,-0.00013333976424787376
LightGBM,-0.0011962246526452999,0.5572301982407453,0.017532221379833148,-0.000337365150890625,-0.02507218281032585,0.49372562882882,0.19938877569920352,-0.00029273998310413513
Logistic Regression,-0.04808853259564702,0.5769791755254489,0.0355856709628506,-0.0010276243034768998,0.0025121820510871852,0.5193766327215819,0.5518151509538803,2.4926003155216256e-05
RSI,-0.0021481257260119,0.5265858208955224,0.4284629981024668,-1.9502851766339783e-05,-0.0204640787551853,0.5174328225627359,0.4322018178445557,-0.0002151740376099
SMA,0.0098083541564119,0.4934497816593886,0.0215115172282505,0.0001695368491531,-0.0926033719292542,0.4686774941995359,0.037609383727425,-0.00185881269647
XGBoost,-0.030505852713549674,0.5304217577839421,0.048616376042456326,-0.00047065366172377497,-0.0008302218615972752,0.5038020998599749,0.2319411002037414,-2.3598732770989977e-05
