Feature Type,Validation Sharpe,Validation Precision,Validation Recall,Validation Avg Return,Test Sharpe,Test Precision,Test Recall,Test Avg Return
extended,0.06693506047800879,0.5532671705832289,0.030202390374450085,0.0006487227477299262,-0.00717671291160941,0.5315649521069795,0.05404058003154783,-1.4137569974661299e-05
raw,0.004946707268330908,0.5163333017749522,0.04633236274316572,6.686295496098644e-05,-0.025384471717056423,0.4859764652866156,0.14149013940466112,-0.00010626101636499195
