Feature Type,Validation Sharpe,Validation Precision,Validation Recall,Validation Avg Return,Test Sharpe,Test Precision,Test Recall,Test Avg Return
extended,0.009921074636015199,0.6123303833147835,0.033854640667094524,0.00011665146869868749,0.11567409378919187,0.5897504359972092,0.04261610865609494,0.002056936341266575
raw,-0.0024311111689609114,0.5478064106392665,0.17674820671501268,-0.0001255572445029604,0.05456597737772935,0.5132954105129905,0.09487304952836778,0.0006583211895209125
