Input Type,Validation Sharpe,Validation Precision,Validation Recall,Validation Avg Return,Test Sharpe,Test Precision,Test Recall,Test Avg Return
candle,-0.00853824942939365,0.6668568085340582,0.07871234033302782,-4.628982718456302e-05,-0.007474730163833826,0.5014000982556893,0.11259192033389079,-4.6160326763924355e-05
ohlc,0.017913720200091438,0.6038615614104406,0.0545903422583419,0.0001550679568726721,-0.023759709032161076,0.5083064040783367,0.12240608996749289,-0.0001952689030786155
