Model,Validation Sharpe,Validation Precision,Validation Recall,Validation Avg Return,Test Sharpe,Test Precision,Test Recall,Test Avg Return
GRU,0.01040391641725575,0.6679916408520852,0.09458400401828367,1.3253523824062702e-05,-0.009955179863445724,0.45457669912837095,0.08187740156737382,-0.0001653944749489
LightGBM,-0.00929424991690735,0.5983710295258919,0.01492200503075695,-0.00022032987671885,-0.00010083463918689867,0.5497388412730112,0.11896354425549424,6.289166314452874e-05
Logistic Regression,-0.019990061648212952,0.7849952750578855,0.02529319259112715,-0.0003299881203894595,0.0073505817446807,0.5962825769978244,0.2832636696482792,7.867547498967213e-05
RSI,0.0104592472120028,0.5377074044822288,0.4408324842729083,8.99378780372654e-05,-0.0063091396459506,0.5235711648024948,0.4346806401246026,-6.5783543679304e-05
SMA,-0.0133374693583698,0.5234566079109387,0.0344053286984462,-0.0001617186946916,-0.0184688958684779,0.5066669027049993,0.0663109374709721,-0.0003105803894783
XGBoost,-0.0088177432504858,0.5399188788951409,0.0586359452396793,-0.00011597898248223026,0.003952032020163401,0.515240905109593,0.17486277309457132,3.663547226525035e-05
