Feature Type,Validation Sharpe,Validation Precision,Validation Recall,Validation Avg Return,Test Sharpe,Test Precision,Test Recall,Test Avg Return
extended,0.0417689233796434,0.5956980607151703,0.0502762144574526,0.0002439321216151492,0.029013323115058384,0.5387813442279472,0.09782037950889112,0.00012002810812605044
raw,0.039540620544548634,0.5256117583192266,0.11816120507753065,0.0002447450744709571,0.0006506535813839647,0.4957495526065318,0.3971108596645659,-2.5872789175643612e-05
