Input Type,Validation Sharpe,Validation Precision,Validation Recall,Validation Avg Return,Test Sharpe,Test Precision,Test Recall,Test Avg Return
candle,0.026382092364366744,0.5401850935748921,0.1039793797358989,0.00015907827054823206,0.006158551941724046,0.5135407543580658,0.2864890968987942,2.7479998146513978e-05
ohlc,0.039186852940692296,0.5620044157294241,0.07353444315448966,0.00015277765597619737,0.004087029071993729,0.5148429256191139,0.21927904183346428,2.2752309839348106e-05
