Model,Validation Sharpe,Validation Precision,Validation Recall,Validation Avg Return,Test Sharpe,Test Precision,Test Recall,Test Avg Return
GRU,0.03708155996602616,0.7029987155776207,0.026345900110896565,0.00028522134317448124,0.006479935269813868,0.59019646878708,0.03294258409705181,9.928819945578975e-05
LightGBM,0.033361053873269084,0.5832412360217165,0.09010501452691372,0.00026132770293397334,0.022554847641925876,0.5175800713063484,0.09492679343561662,0.00022897720483571
Logistic Regression,0.07959611234770567,0.7498684867943912,0.028811848716276615,0.00047471133378897975,0.0023003675603732164,0.45710474688559966,0.12729727123992052,6.73123983799178e-05
RSI,-0.00705513684070739,0.54536608554701,0.47424288172583123,-3.612518929442337e-05,-0.008378390524900897,0.5281831957763784,0.46608329012972916,-7.065114824901015e-05
SMA,-0.00041604421953115336,0.5347190250507786,0.24654809113531295,1.802169702467306e-05,-0.007498357705168215,0.5064578308285401,0.24190918666807545,-4.155328620770476e-05
XGBoost,0.005421558020945858,0.5267076465459125,0.10456154719789182,5.1096728357821084e-05,0.0034661078470627107,0.5204305987209601,0.1523992387185095,4.604487587466831e-05
