Model,Validation Sharpe,Validation Precision,Validation Recall,Validation Avg Return,Test Sharpe,Test Precision,Test Recall,Test Avg Return
GRU,0.0731988923242712,0.5663077230486047,0.034048089000538254,0.0006327737906955499,0.10515125542471403,0.5586605184950084,0.0743377185078392,0.0008908782722325224
LightGBM,0.08492589267543993,0.5623700770604931,0.05717227793696268,0.00037083910975925,0.10708448249314514,0.5516398929049531,0.0336391437308868,0.0003283661631876062
Logistic Regression,0.06589100915621474,0.5955120093713302,0.0317424785100286,0.0006144755732823499,0.08011341588810253,0.5588899284125249,0.03620255441626188,0.0006495077211201999
RSI,0.0173928089600429,0.5525309336332959,0.4401433691756272,9.12763900956392e-05,0.0184838849688199,0.5370082240497889,0.4347669605902465,9.55697550100936e-05
SMA,0.0274785548716847,0.5325670498084292,0.0749865132170472,0.0001668394744986,-0.0027162202229035,0.5223367697594502,0.0548934633441675,-1.7310779073467822e-05
XGBoost,0.03740029466230115,0.5352387407236463,0.1993642550143266,0.0001772705740830961,0.028487747680928426,0.5241328891898452,0.19167116387839536,0.0001444492273437095
