Input Type,Validation Sharpe,Validation Precision,Validation Recall,Validation Avg Return,Test Sharpe,Test Precision,Test Recall,Test Avg Return
candle,0.02627926013514024,0.6460727883587823,0.09637983635118713,0.00019831791470078475,0.02635789459115263,0.5261100600600368,0.1185969203615542,0.00025040625933706663
ohlc,0.04798209546897444,0.6229847827797327,0.05437634643902289,0.00029170705901510426,0.006098916803300014,0.4415591207835747,0.11456065458215815,4.760693555695678e-05
