Input Type,Validation Sharpe,Validation Precision,Validation Recall,Validation Avg Return,Test Sharpe,Test Precision,Test Recall,Test Avg Return
candle,0.07098488499734568,0.563937576884633,0.06919719739301705,0.0004208290103001103,0.05148368475035304,0.5300971740666836,0.23278150131969227,0.0001961159615787187
ohlc,0.03569626656942781,0.560747454238833,0.10486895906274349,0.0001928897990666289,0.010117795166250824,0.5128841285604364,0.2280195456798259,5.663522262591886e-05
