Model,Validation Sharpe,Validation Precision,Validation Recall,Validation Avg Return,Test Sharpe,Test Precision,Test Recall,Test Avg Return
GRU,-0.00044471048606210123,0.6679916408520852,0.09458400401828367,-0.00015170967318854802,-0.025106773721932325,0.45457669912837095,0.08187740156737382,-0.00035475357260522503
LightGBM,-0.0287840196009547,0.5983710295258919,0.01492200503075695,-0.000532391099007525,-0.01891516798483775,0.5497388412730112,0.11896354425549424,-0.00016671135416195
Logistic Regression,-0.032667395592222224,0.7849952750578855,0.02529319259112715,-0.0005476201564838001,-0.0015127095994183254,0.5962825769978244,0.2832636696482792,-1.465903123931496e-05
RSI,0.003038064180108,0.5377074044822288,0.4408324842729083,2.612462639215536e-05,-0.0119682901860897,0.5235711648024948,0.4346806401246026,-0.0001247810014
SMA,-0.0148219435760345,0.5234566079109387,0.0344053286984462,-0.0001797159883317,-0.0194262464614018,0.5066669027049993,0.0663109374709721,-0.0003266640657472
XGBoost,-0.03472544642426035,0.5399188788951409,0.0586359452396793,-0.0004231066521289,-0.02149100903172175,0.515240905109593,0.17486277309457132,-0.00022720716536329515
