Input Type,Validation Sharpe,Validation Precision,Validation Recall,Validation Avg Return,Test Sharpe,Test Precision,Test Recall,Test Avg Return
candle,0.024699451599460766,0.5849268662191752,0.10135028086105355,0.0004503370171391005,0.0932885122691103,0.5550363523774401,0.04247934119747457,0.0014981248672111902
ohlc,0.01709367004744989,0.6009666927321605,0.036096305111780275,0.0002428600224523484,0.13793216143453696,0.5755478932880265,0.03909833025489082,0.0018164575597234335
