Model,Validation Sharpe,Validation Precision,Validation Recall,Validation Avg Return,Test Sharpe,Test Precision,Test Recall,Test Avg Return
GRU,-0.01799633914994619,0.5409231443235626,0.23775114999742644,-0.00019466759821672698,-0.03652407196947944,0.5196828616528569,0.3901146763007281,-0.000251502495373858
LightGBM,0.025493959983472564,0.5637302702423275,0.03213734943488975,0.00011805715770142253,-0.032658310099258264,0.5061977052879387,0.12563368670516506,-0.00029224641263328097
Logistic Regression,0.016689666176398207,0.5743462493402904,0.03968226997456923,-6.196872064942798e-05,-0.0012036992055426813,0.5293535606628413,0.3323779738891628,-6.0106959234470306e-06
RSI,-0.025115044988858925,0.5271346356820202,0.4861277799856346,-0.00018287441873590248,-0.015259541601031976,0.5162364155683966,0.48381425683635493,-0.00012164149421422981
SMA,0.0014404688134093862,0.4969774717087034,0.2719000411024024,2.0080651863984938e-05,-0.02809460098051195,0.48483446064514063,0.3067466478598069,-0.0005030647282157971
XGBoost,-0.027115406098647193,0.521472744485645,0.08460824454828778,-0.00026720970879308203,-0.028699678269837513,0.5028246020629739,0.2019182207446939,-0.00020214443065271308
