Model,Validation Sharpe,Validation Precision,Validation Recall,Validation Avg Return,Test Sharpe,Test Precision,Test Recall,Test Avg Return
GRU,0.004844361468848736,0.6782977729150099,0.0780339551393379,2.29259965028245e-05,-0.008490513633313367,0.4629230794999506,0.09162323099061508,-5.3336009817436976e-05
LightGBM,-0.000442190795411055,0.5832412360217165,0.09010501452691372,1.1679802333572581e-05,-0.019696036848199143,0.5094991422017382,0.08683484281874489,-0.00018130013779450802
Logistic Regression,0.037570282043559465,0.7498684867943912,0.028811848716276615,0.00021553923210710182,-0.0029747560145649346,0.4419278112383924,0.12611615803268836,1.8412880913224662e-05
RSI,-0.022596329799920194,0.54536608554701,0.47424288172583123,-0.0001360147327406678,-0.021553315651629268,0.5281831957763784,0.46608329012972916,-0.00016533100734557045
SMA,0.0014863032191307012,0.5347190250507786,0.24654809113531295,9.573648750111504e-06,-0.006065984753766401,0.5064578308285401,0.24190918666807545,-5.109634750894582e-05
XGBoost,-0.03748373682806409,0.5267076465459125,0.10456154719789182,-0.00023502337049777873,-0.01982142183994247,0.5209883287471415,0.16174091804537638,-0.00014835742291918692
