Feature Type,Validation Sharpe,Validation Precision,Validation Recall,Validation Avg Return,Test Sharpe,Test Precision,Test Recall,Test Avg Return
extended,0.054030610449960666,0.6122124013418374,0.05615076842810995,0.000328353289270121,0.09665251301601342,0.5613180278863598,0.05680031092922784,0.0009541684575856947
raw,0.016029171827881234,0.5454998825407021,0.1008633111406973,0.00020377374092736092,0.025378573976335677,0.5951180570970316,0.08519688418518417,0.00014470856217033137
