Feature Type,Validation Sharpe,Validation Precision,Validation Recall,Validation Avg Return,Test Sharpe,Test Precision,Test Recall,Test Avg Return
extended,0.02631106583320062,0.630704494601443,0.03330699554113618,0.0005283008032331545,0.1307073300597974,0.6082691018064558,0.04168462919408116,0.002240448042856932
raw,-0.024528726436811664,0.5551890643498927,0.10413959043169764,-0.0003446301877464661,0.05276258591206656,0.5223151438590108,0.03989304225828423,0.0005146937431025604
