Model,Validation Sharpe,Validation Precision,Validation Recall,Validation Avg Return,Test Sharpe,Test Precision,Test Recall,Test Avg Return
GRU,0.08684491053705883,0.6451116448188285,0.018346111719605696,0.0011707890384164959,0.14359070542723254,0.6284500286107356,0.00722464558342421,0.0015696562593867814
LightGBM,-0.0356135348917766,0.5870071954190471,0.026694606413994168,-0.00031365864521625247,0.08717716318070823,0.5703451548451548,0.015103410740203193,0.0015641691001316313
Logistic Regression,-0.026304118330407675,0.597757124035847,0.1548378279883382,-0.0004588734450456241,0.12880717783013512,0.5888526162982399,0.03986756168359942,0.0018054965463583823
RSI,0.0030413729949491783,0.549043549043549,0.4917973022238425,5.499574794015828e-05,0.0046319499959825905,0.5310330747243773,0.4720508166969147,9.653943381689538e-05
SMA,0.017616967947745057,0.5341463414634147,0.040087863811092805,0.00039939277715011557,0.07274535249970748,0.5005359056806002,0.08503277494537509,0.0009700849631740482
XGBoost,-0.014605683148974667,0.5498285011833635,0.056987973760932946,-9.981007686109692e-05,-0.0050432313728226204,0.5136041697584437,0.09869375907111755,-6.653504995032527e-05
