Input Type,Validation Sharpe,Validation Precision,Validation Recall,Validation Avg Return,Test Sharpe,Test Precision,Test Recall,Test Avg Return
candle,0.035864638830961484,0.5501469340184544,0.07115246085349625,0.0002477115265006785,0.014149399628273775,0.5150343389703946,0.21164122428245558,3.0261697074425147e-05
ohlc,0.05537499214666895,0.5657000472922786,0.049522972790632634,0.00022048214959241122,-0.00917405276757711,0.5116100089169091,0.15488755873466373,-5.345976233703264e-05
