Feature Type,Validation Sharpe,Validation Precision,Validation Recall,Validation Avg Return,Test Sharpe,Test Precision,Test Recall,Test Avg Return
extended,-0.016385149165684003,0.6839852218699264,0.03226906093177201,-0.00031291411878786834,-0.020804993889769727,0.5749172993733519,0.11066683352580793,-0.000249185233273136
raw,0.007549444981144714,0.6678329650280486,0.029856553382619368,-0.0002574900632703092,-0.022143401098558155,0.513746787137121,0.23888048951143342,-0.0002704247531464754
