Model,Validation Sharpe,Validation Precision,Validation Recall,Validation Avg Return,Test Sharpe,Test Precision,Test Recall,Test Avg Return
GRU,0.03498573713206188,0.584358488056697,0.026028509563334537,0.000380354241424174,0.016942324229331594,0.5680700175612261,0.13238993710691824,0.00013805715654855325
LightGBM,0.033259864267982144,0.5411315948504506,0.1739913544668588,0.00028962619577389863,0.028908967687822376,0.543443585671438,0.14353015075376882,0.00033253222912882916
Logistic Regression,0.029305190815265423,0.5711595574212459,0.0591678674351585,0.0002991764046805065,-0.03276687193982407,0.4863620610931947,0.022613065326633167,-0.00043037936657663194
RSI,0.0007802807408378018,0.553082191780822,0.46566948999819785,4.946477167861074e-06,-0.007372186530476845,0.5365321701199564,0.44157242864835755,-6.0714310352809175e-05
SMA,-0.03128629590574866,0.5252225519287834,0.03214091156709642,-0.00021174691295544357,0.03784516264036556,0.5232,0.05914270211611503,0.00031663626971977963
XGBoost,0.019048192525004736,0.5337111307336241,0.09429034582132564,0.0001385882880176782,0.015428310894700939,0.5229468660453076,0.104091888011486,0.00013301635955053335
