Model,Validation Sharpe,Validation Precision,Validation Recall,Validation Avg Return,Test Sharpe,Test Precision,Test Recall,Test Avg Return
GRU,0.12867793224659532,0.5865791860400333,0.05773371613134757,0.0007331887323667937,0.09945463054209609,0.6726323788823789,0.07059830600108127,0.0017451547162446728
LightGBM,0.08888650657427141,0.5623700770604931,0.05717227793696275,0.0003708391097593084,0.049761990494460936,0.5415358460120747,0.04731066738622054,0.00014265857623478573
Logistic Regression,0.06755943084378588,0.5955120093713302,0.03174247851002865,0.0006144755732823976,0.07592584069084513,0.5542802241622737,0.035977693829825505,0.0005849914252371799
RSI,0.01762290854905473,0.5525309336332959,0.44014336917562724,9.127639009563919e-05,0.019234038895722068,0.5370082240497889,0.43476696059024655,9.55697550100936e-05
SMA,0.025911699452974286,0.5325670498084292,0.07498651321704729,0.00016683947449862353,-0.005854309321756165,0.5223367697594502,0.05489346334416757,-1.7310779073467822e-05
XGBoost,0.040651123607118395,0.5352387407236463,0.19936425501432664,0.0001772705740831247,0.028793631651297072,0.5199642382429056,0.2095250944414463,0.00013763333571769327
