Input Type,Validation Sharpe,Validation Precision,Validation Recall,Validation Avg Return,Test Sharpe,Test Precision,Test Recall,Test Avg Return
candle,0.050582828678344634,0.5837979290976902,0.09953731538342099,0.00036607989260441546,0.006686182998347951,0.530629297051307,0.09466392010138072,9.494757389765714e-05
ohlc,0.019476953599497266,0.5739143547848493,0.057476764185386255,0.0001660471375930665,0.12819723685366766,0.6258067879320843,0.0473332750130313,0.001003929445858369
