Model,Validation Sharpe,Validation Precision,Validation Recall,Validation Avg Return,Test Sharpe,Test Precision,Test Recall,Test Avg Return
GRU,0.004537226635135901,0.6722063538377192,0.0994679808343995,1.1127514898584114e-05,-0.006103521650202719,0.5327602818648066,0.157873747368194,-9.999459195986031e-05
LightGBM,0.018699026409782025,0.5952140521789159,0.044340856197139525,0.0001738318781623511,-0.008643276333358306,0.5227021474707162,0.09446822278871128,-5.881049752126711e-05
Logistic Regression,0.02337466362837,0.7660892449832091,0.026405291124837735,0.00017257813341405996,0.014291651360319112,0.547121415170129,0.13915774127925037,0.00015230301412391556
RSI,-0.01416940809539365,0.5365458633102781,0.4686306506122848,-9.504497140318615e-05,-0.012290268037697475,0.5246810844398475,0.4633945747208438,-9.669564370350564e-05
SMA,-0.0033692987594028255,0.5340852252111392,0.11668981359187697,-6.544283184524712e-05,-0.010476250034747076,0.4934342767365068,0.1231908838916565,-0.00013233813143796397
XGBoost,-0.018148473501426045,0.5287242622534798,0.12018108852246978,-0.00013313732395825537,-0.0250520630832528,0.5120156565871962,0.1897686036962893,-0.00018499862471457003
