Input Type,Validation Sharpe,Validation Precision,Validation Recall,Validation Avg Return,Test Sharpe,Test Precision,Test Recall,Test Avg Return
candle,0.09068139409130108,0.5706433062320808,0.10649048243886688,0.000564039998966271,0.0451679943695741,0.5296768912620909,0.12584876868142075,0.00030239897415611813
ohlc,0.07220610254458443,0.5692067003656707,0.06651588135746592,0.0003838469957795411,0.07927796971658686,0.6145294523877256,0.05585711214786605,0.0010028200525610477
