Feature Type,Validation Sharpe,Validation Precision,Validation Recall,Validation Avg Return,Test Sharpe,Test Precision,Test Recall,Test Avg Return
extended,-0.0037163263408532517,0.6468422195496232,0.056281248282274494,-6.121260151177719e-05,-0.021053945287227697,0.5707512941097823,0.05766787776221739,-0.0001346952348184469
raw,0.01044966098864233,0.6345658229201974,0.06863090699371487,0.00010009242474503481,-0.011291136838248629,0.47190464874021176,0.14611506598333185,-9.823720146961272e-05
