Feature Type,Validation Sharpe,Validation Precision,Validation Recall,Validation Avg Return,Test Sharpe,Test Precision,Test Recall,Test Avg Return
extended,0.03339611174981469,0.6209589274750709,0.035155297841245714,0.000462621186099633,0.1414850965270668,0.6098198141022284,0.041322773708359906,0.0019923520772883274
raw,-0.028235324666864754,0.5688933052534721,0.09327796210018978,-0.0003133977504528718,0.020379397516749415,0.5282856195173905,0.03912191483081228,0.00028323922085892573
