Model,Validation Sharpe,Validation Precision,Validation Recall,Validation Avg Return,Test Sharpe,Test Precision,Test Recall,Test Avg Return
GRU,-0.0170685108613317,0.5441230349835018,0.24794469357249624,-7.981789347295185e-05,-0.1010680175784391,0.5301933139935991,0.5864931846344487,-0.0006589083287227314
LightGBM,0.008169591713847726,0.5633287732447847,0.06291946308724825,6.40665599906e-05,-0.0132301614804789,0.5249153628791046,0.17462451325792694,-6.767261138884881e-05
Logistic Regression,0.00027616252874372495,0.5776403245523343,0.06506338553318415,2.0370037447813144e-05,-0.0055029825891851,0.5341317930467945,0.3461895049137771,-2.1740178282189852e-05
RSI,-0.0339631985815441,0.5304538216560509,0.4971087483678418,-0.0001715431557638,-0.0146436167703352,0.5195596618832318,0.4905345211581292,-6.898261878769346e-05
SMA,-2.9807427757554076e-05,0.4970745357415416,0.3695158850226929,-1.6626947196755113e-07,-0.0130987977577325,0.4923226907141116,0.3798420458819105,-7.04568150160213e-05
XGBoost,-0.01439054908850305,0.5206021323777004,0.1258389261744966,-7.706661244505308e-05,-0.0476069605209985,0.5007582284140298,0.2514834044131281,-0.000226975520240225
