Feature Type,Validation Sharpe,Validation Precision,Validation Recall,Validation Avg Return,Test Sharpe,Test Precision,Test Recall,Test Avg Return
extended,0.11120134419189269,0.5830027214718035,0.060069928763055724,0.001600618947150237,0.04542581354375571,0.5501273046306314,0.08873454914476508,0.0005854598043248263
raw,0.034975862386004815,0.5278288604441902,0.10456301929226379,0.000473034475917905,-0.017028061839706718,0.5207095217995551,0.15407685225040688,-0.00010887529607156423
