Feature Type,Validation Sharpe,Validation Precision,Validation Recall,Validation Avg Return,Test Sharpe,Test Precision,Test Recall,Test Avg Return
extended,-0.034078338619060844,0.5836410390417464,0.03357736170097546,-0.0007238161498286286,-0.036885179580563546,0.5169045857809894,0.16960211838682013,-0.00044925397310988606
raw,-0.0006083768244465951,0.5506166261412625,0.04072727249159468,-0.0005975110624528794,-0.020907346726561662,0.4964463474104297,0.43993827472967273,-0.0002581111818326425
