Feature Type,Validation Sharpe,Validation Precision,Validation Recall,Validation Avg Return,Test Sharpe,Test Precision,Test Recall,Test Avg Return
extended,0.09337398052900155,0.5933226692227092,0.0612198515072414,0.0006023223496793375,0.08966074567896336,0.5641038805995381,0.06335554610673724,0.0005140687612432781
raw,0.03733406388011195,0.536391605879328,0.09994369872368666,0.00029535717423078556,0.0707577050644817,0.5325577339016278,0.10456974415995438,0.000492531930698741
