Input Type,Validation Sharpe,Validation Precision,Validation Recall,Validation Avg Return,Test Sharpe,Test Precision,Test Recall,Test Avg Return
candle,0.007469880675435937,0.6455611289532358,0.07966722050854257,9.281268895162385e-05,0.0022976866583474496,0.5414329171608947,0.1487218310956386,7.053814901016112e-05
ohlc,0.0043593565471038,0.6467180926872703,0.059555104146609535,1.3516000172903779e-05,0.003404213460529949,0.5397775038970885,0.12491608586258571,2.698842253115183e-05
