Model,Validation Sharpe,Validation Precision,Validation Recall,Validation Avg Return,Test Sharpe,Test Precision,Test Recall,Test Avg Return
GRU,0.009841163699268476,0.671243807965411,0.0351546731827085,8.930568780421591e-05,0.023195358657840875,0.5488658534488545,0.18877425082787277,0.00014989118441696722
LightGBM,0.020804595191667472,0.5868720077972829,0.04320633390597185,0.00010127413211767969,-0.0032311414573838754,0.5332349968999455,0.08967187516000416,-2.4263669721368465e-05
Logistic Regression,0.013885540134212025,0.7983826419790283,0.030703168902734723,0.00013009684754658989,0.03482095251419205,0.5681599790185435,0.04941979547685067,0.00029143171600535216
RSI,-0.0219918578289863,0.5414923776446734,0.4686260587717345,-0.0001132230711355,-0.011062414997532,0.5282839429665103,0.4626507408741879,-5.458963634285266e-05
SMA,0.0177355268649862,0.5390107976314873,0.0380552648513112,0.0001101062725236,-0.0058293496180675,0.5223367697594502,0.0274467316720837,-3.715613989821005e-05
XGBoost,-0.020872824580068502,0.52805998553929,0.1693804733188891,-0.00010801928921943022,-0.04338136947689425,0.5121600127486229,0.21940991245172103,-0.00022200608761832502
