Model,Validation Sharpe,Validation Precision,Validation Recall,Validation Avg Return,Test Sharpe,Test Precision,Test Recall,Test Avg Return
GRU,0.1716596622671884,0.5776419974720531,0.054012063608115515,0.002411525856444124,0.049747792937066396,0.5441417964423532,0.1356603094638359,0.0006851059069271406
LightGBM,0.1707625772667318,0.5748479048539532,0.020476103611820503,0.001964577414290203,0.008090566690841674,0.5284011237223899,0.06746316924182537,0.00015366044806492554
Logistic Regression,0.14189618686827746,0.5656584955736229,0.04715432323969354,0.001582232108917411,0.07899292820407286,0.562373455482881,0.055964786201940356,0.0009673838061775462
RSI,0.025707442274470728,0.5293862502710909,0.44551925533856546,0.00022861480031930803,0.0033102230689589715,0.529253112033195,0.45840071877807725,7.485637338069591e-05
SMA,0.036358826139119435,0.5225225225225225,0.06377130291368883,0.0005846766001948097,0.008562668962994043,0.5495750708215298,0.03498016588532275,0.00023115688644598678
XGBoost,0.05219813014370254,0.5255707427351786,0.190213425757023,0.0005486675316083833,0.004690319231385595,0.5112469606445752,0.27308659719726913,8.020820453214639e-05
