Input Type,Validation Sharpe,Validation Precision,Validation Recall,Validation Avg Return,Test Sharpe,Test Precision,Test Recall,Test Avg Return
candle,-0.013727391768708117,0.6495031954597561,0.033311654200292584,-0.0001619596315944004,-0.016947015209534115,0.566884540488974,0.15558465769612018,-0.00023883676375113788
ohlc,0.03189482878157818,0.658040593059494,0.025346546663668167,-0.00015408822760810514,0.017628298776997085,0.5657043535910212,0.14243635563962026,-6.515882477836675e-05
