Feature Type,Validation Sharpe,Validation Precision,Validation Recall,Validation Avg Return,Test Sharpe,Test Precision,Test Recall,Test Avg Return
extended,-0.021515712447856633,0.5867945477178026,0.0287331367769633,-0.0004127437063405354,-0.026761566863962943,0.51199342181302,0.16575557290216236,-0.0003704241887375388
raw,0.024509170868554104,0.5469489654836702,0.041534643312263364,-0.0003645341433662049,-0.017199862025869938,0.4899800411195314,0.3624359606897263,-0.0002845626614551078
