Feature Type,Validation Sharpe,Validation Precision,Validation Recall,Validation Avg Return,Test Sharpe,Test Precision,Test Recall,Test Avg Return
extended,0.05994166877880738,0.5968641971552292,0.05456646873469718,0.00068082839306577,0.047230905524663004,0.580817693633861,0.05794433450813128,0.000809232355436821
raw,0.006362338169823182,0.5420809758539047,0.10405604528336668,0.0001529861490406634,-0.0023898331238058033,0.5233540345361452,0.12639939954761764,3.2225483279091913e-06
