Feature Type,Validation Sharpe,Validation Precision,Validation Recall,Validation Avg Return,Test Sharpe,Test Precision,Test Recall,Test Avg Return
extended,0.2056173900189394,0.5956649718446371,0.040420870090052616,0.0023265355318349726,0.06455221563763672,0.5482370961976348,0.05974971802920549,0.0008406366013235942
raw,0.06264088825401071,0.5261945984727668,0.11550708801827367,0.0009269659237950882,0.0062085878940465475,0.5248445719484648,0.2063377130232299,0.00010254258152728512
