Feature Type,Validation Sharpe,Validation Precision,Validation Recall,Validation Avg Return,Test Sharpe,Test Precision,Test Recall,Test Avg Return
extended,0.08459727367635558,0.5547356188854261,0.03694454410495187,0.0008182134844654635,0.029042800853464095,0.5351620574113412,0.06646652736600321,0.00024919225443026036
raw,0.03311732866615941,0.51390944039455,0.06026301487622342,0.00032921049033276297,-0.033432362053544176,0.46034626136192475,0.14430219600918776,-0.0005163419424778819
