Input Type,Validation Sharpe,Validation Precision,Validation Recall,Validation Avg Return,Test Sharpe,Test Precision,Test Recall,Test Avg Return
candle,0.0074929309330725394,0.6589138188443773,0.0746924845371162,7.537508986558576e-05,0.014251946622804873,0.5506620025732785,0.11099665782772752,9.234959591030504e-05
ohlc,0.008648628174301488,0.6762628176906886,0.11371976086889622,3.8860096740853545e-05,0.002686271077203213,0.5360347623756052,0.11413111605660517,-7.637282997399726e-06
