Model,Validation Sharpe,Validation Precision,Validation Recall,Validation Avg Return,Test Sharpe,Test Precision,Test Recall,Test Avg Return
GRU,-0.018146788376587033,0.5810484078939745,0.08305306427503736,-9.14546735581356e-05,-0.07057048596263571,0.5092564093290292,0.2175650557620818,-0.00037815006564628024
LightGBM,0.008169591713847728,0.5633287732447847,0.06291946308724833,6.406655999058204e-05,-0.013230161480478925,0.5249153628791046,0.17462451325792694,-6.76726113888395e-05
Logistic Regression,0.00027616252874373536,0.5776403245523343,0.06506338553318419,2.0370037447804653e-05,-0.005502982589185143,0.5341317930467945,0.3461895049137771,-2.1740178282189852e-05
RSI,-0.03396319858154411,0.5304538216560509,0.4971087483678418,-0.00017154315576388456,-0.014643616770335299,0.5195596618832318,0.4905345211581292,-6.898261878769346e-05
SMA,-2.9807427757554073e-05,0.4970745357415416,0.3695158850226929,-1.6626947196755113e-07,-0.013098797757732521,0.4923226907141116,0.3798420458819105,-7.04568150160213e-05
XGBoost,-0.014390549088503067,0.5206021323777004,0.12583892617449666,-7.70666124450786e-05,-0.047606960520998554,0.5007582284140298,0.2514834044131281,-0.00022697552024027043
