Model,Validation Sharpe,Validation Precision,Validation Recall,Validation Avg Return,Test Sharpe,Test Precision,Test Recall,Test Avg Return
GRU,0.019106587121311226,0.6816193705269773,0.043126954741657425,0.00022536059543326855,-0.01997666368928335,0.5469977224807798,0.09530410170595782,-0.00017161377988473103
LightGBM,-0.0004421907954110481,0.5832412360217165,0.09010501452691368,1.1679802333599632e-05,-0.0196960368481991,0.5094991422017382,0.08683484281874485,-0.00018130013779445
Logistic Regression,0.03757028204355945,0.7498684867943912,0.02881184871627655,0.00021553923210707499,-0.0029747560145649,0.4419278112383924,0.12611615803268833,1.841288091325002e-05
RSI,-0.0225963297999201,0.54536608554701,0.4742428817258312,-0.0001360147327406,-0.0215533156516292,0.5281831957763784,0.4660832901297291,-0.0001653310073455
SMA,0.0014863032191307,0.5347190250507786,0.2465480911353129,9.573648750111504e-06,-0.0060659847537664,0.5064578308285401,0.2419091866680754,-5.109634750894582e-05
XGBoost,-0.03748373682806405,0.5267076465459125,0.10456154719789179,-0.000235023370497725,-0.01982142183994245,0.5209883287471415,0.16174091804537635,-0.0001483574229191487
