Model,Validation Sharpe,Validation Precision,Validation Recall,Validation Avg Return,Test Sharpe,Test Precision,Test Recall,Test Avg Return
GRU,0.040099658792936865,0.5773989015593751,0.0452905088415734,0.00045332706249093333,-0.018667738341312797,0.5177816995192882,0.19011680143755613,-0.00019979837487063556
LightGBM,0.033259864267982074,0.5411315948504506,0.17399135446685876,0.0002896261957738712,0.028908967687822324,0.543443585671438,0.1435301507537688,0.000332532229128775
Logistic Regression,0.0293051908152654,0.5711595574212459,0.05916786743515845,0.00029917640468049025,-0.032766871939824076,0.4863620610931947,0.022613065326633125,-0.00043037936657663894
RSI,0.0007802807408378,0.553082191780822,0.4656694899981978,4.946477167861074e-06,-0.0073721865304768,0.5365321701199564,0.4415724286483575,-6.0714310352809175e-05
SMA,-0.0312862959057486,0.5252225519287834,0.0321409115670964,-0.0002117469129554,0.0378451626403655,0.5232,0.059142702116115,0.0003166362697197
XGBoost,0.019048192525004726,0.5337111307336241,0.0942903458213256,0.00013858828801766048,0.015428310894700925,0.5229468660453076,0.10409188801148594,0.00013301635955052134
