Input Type,Validation Sharpe,Validation Precision,Validation Recall,Validation Avg Return,Test Sharpe,Test Precision,Test Recall,Test Avg Return
candle,0.00445676665675791,0.6495031954597561,0.033311654200292584,0.00010357045331710629,-0.0054393449184600064,0.566884540488974,0.15558465769612018,-4.3626359161561154e-05
ohlc,0.05649869214095923,0.658040593059494,0.025346546663668167,0.00012204891679866064,0.029058905955293646,0.5657043535910212,0.14243635563962026,0.00010778313619183564
