Input Type,Validation Sharpe,Validation Precision,Validation Recall,Validation Avg Return,Test Sharpe,Test Precision,Test Recall,Test Avg Return
candle,0.03632348932097448,0.6496447269623546,0.10217527881772177,0.00041381129245755436,0.011653293750104075,0.5981120610700014,0.15671289223794355,0.0001445325141017145
ohlc,0.04770747508126145,0.6161870957937869,0.10937257385352596,0.000647296084167675,-0.003622343917020927,0.4822505064692858,0.1677041164844792,-1.9656942591587976e-06
