Feature Type,Validation Sharpe,Validation Precision,Validation Recall,Validation Avg Return,Test Sharpe,Test Precision,Test Recall,Test Avg Return
extended,0.017364272975762127,0.6950408243484516,0.05003681735272092,0.00011446801459601845,0.013310249807353864,0.5469525545516032,0.08922555010074937,6.951732528600707e-05
raw,-0.0012227138683881013,0.6401358121866143,0.1383754280532915,-2.3282798957913116e-07,0.003627967892654224,0.5397442103972806,0.13590222378358335,1.519498762689824e-05
