Input Type,Validation Sharpe,Validation Precision,Validation Recall,Validation Avg Return,Test Sharpe,Test Precision,Test Recall,Test Avg Return
candle,-0.02554408052481614,0.556830029853953,0.0431172132625573,-0.0004725546476176543,-0.03099939635832961,0.5095611404558129,0.2595258602991147,-0.00039018487277836983
ohlc,-0.0091426349186913,0.5774276353290559,0.031187420930012838,-0.0008487725646638537,-0.026793129948795597,0.5037897927356063,0.3500145328173782,-0.00031718028216415876
