Feature Type,Validation Sharpe,Validation Precision,Validation Recall,Validation Avg Return,Test Sharpe,Test Precision,Test Recall,Test Avg Return
extended,0.0501444313673165,0.5373338074816066,0.22283535410307248,0.000476962399235425,-0.005982042057741263,0.5148021444350026,0.27740402736600317,-7.006539107794358e-05
raw,0.0027394112802290004,0.5126123923095486,0.06463249429738478,2.8066335821380732e-05,-0.002272399868022238,0.4981006936066213,0.17487182814131985,-1.7150261777749563e-05
