Input Type,Validation Sharpe,Validation Precision,Validation Recall,Validation Avg Return,Test Sharpe,Test Precision,Test Recall,Test Avg Return
candle,0.05705525512216166,0.6496447269623546,0.10217527881772177,0.0006363772101192625,0.032043489212957264,0.5981120610700014,0.15671289223794355,0.00034373184503780916
ohlc,0.06410559024986519,0.6161870957937869,0.10937257385352596,0.0008518244115832375,0.014714891761448587,0.4822505064692858,0.1677041164844792,0.00018993425759646852
