Input Type,Validation Sharpe,Validation Precision,Validation Recall,Validation Avg Return,Test Sharpe,Test Precision,Test Recall,Test Avg Return
candle,0.002497993443802782,0.66973920944577,0.03324644534747318,1.491083175865283e-05,-0.007096418358778056,0.5364925132557711,0.15000524584947716,-8.672908939001266e-05
ohlc,0.031012088986133227,0.6820789774522049,0.028879168966918195,-5.359692218607905e-05,-0.00411432876876736,0.5521715732547019,0.1995420771877642,-6.719785337117443e-05
