Model,Validation Sharpe,Validation Precision,Validation Recall,Validation Avg Return,Test Sharpe,Test Precision,Test Recall,Test Avg Return
GRU,0.0155725156226909,0.5773989015593751,0.0452905088415734,0.00023205753978624611,-0.03903837952826847,0.5177816995192882,0.19011680143755613,-0.0003999278175975779
LightGBM,0.0013291383487119748,0.5411315948504506,0.17399135446685876,4.342357542836286e-05,0.0047488764569535245,0.543443585671438,0.1435301507537688,7.894855297984036e-05
Logistic Regression,-0.0006716479816708774,0.5711595574212459,0.05916786743515845,2.442838639477748e-05,-0.062191521313913124,0.4863620610931947,0.022613065326633125,-0.0007425404684095748
RSI,-0.0105482402775352,0.553082191780822,0.4656694899981978,-6.689641666775536e-05,-0.0155822131926927,0.5365321701199564,0.4415724286483575,-0.000128347898139
SMA,-0.0332729380281753,0.5252225519287834,0.0321409115670964,-0.0002252483966349,0.0368436256536238,0.5232,0.059142702116115,0.0003082362697197
XGBoost,-0.0195201348584108,0.5337111307336241,0.0942903458213256,-0.00013369358615835002,-0.0163336907470299,0.5229468660453076,0.10409188801148594,-0.00014970808949822125
