Model,Validation Sharpe,Validation Precision,Validation Recall,Validation Avg Return,Test Sharpe,Test Precision,Test Recall,Test Avg Return
GRU,0.17418291923334855,0.6918023935595821,0.018465258866357942,0.001117535719822174,0.06289266052606975,0.6273969959751335,0.030922008511100108,0.00022966795569456322
LightGBM,-0.013276197108088073,0.5983710295258919,0.014922005030757022,-0.0002203298767188805,-0.009041059568192228,0.539679639127832,0.11089188776962675,-6.7905590714637e-05
Logistic Regression,-0.02608343588564219,0.7849952750578855,0.025293192591127216,-0.0003299881203895018,-0.004941036095630157,0.5903656903988146,0.28349661792983755,-2.7461433941188572e-05
RSI,0.007554822538815103,0.5377074044822288,0.4408324842729083,8.99378780372654e-05,-0.00703669542724655,0.5235711648024948,0.4346806401246026,-6.5783543679304e-05
SMA,-0.01776131702101442,0.5234566079109387,0.03440532869844621,-0.0001617186946916904,-0.019678010087965735,0.5066669027049993,0.06631093747097215,-0.0003105803894783973
XGBoost,-0.012912368644184023,0.5399188788951409,0.05863594523967932,-0.00011597898248225791,-0.0016714427885800845,0.5077354626582103,0.17073151246091642,-5.987376978188685e-06
