Model,Validation Sharpe,Validation Precision,Validation Recall,Validation Avg Return,Test Sharpe,Test Precision,Test Recall,Test Avg Return
GRU,0.04284184305384401,0.5690097934324136,0.09645220694512557,0.0002063681796723677,-0.030855553204562045,0.503128422058708,0.1465243595997338,-0.0004226652734565119
LightGBM,0.06459729955666563,0.5637302702423275,0.03213734943488981,0.0004243565538672566,0.003957059312579614,0.5061977052879387,0.12563368670516512,-2.738091643026576e-05
Logistic Regression,0.04849621359673634,0.5743462493402904,0.039682269974569286,0.0001932354994192259,0.023362146649953675,0.5293535606628413,0.3323779738891628,0.0001614768886682555
RSI,-0.015803625914768565,0.5271346356820202,0.4861277799856346,-0.0001200989737544781,-0.006757477172116753,0.5162364155683966,0.48381425683635493,-6.255247752938532e-05
SMA,0.0021715626707666685,0.49697747170870343,0.27190004110240246,2.7997270539015418e-05,-0.027376239105720464,0.48483446064514063,0.3067466478598069,-0.0004936927819455628
XGBoost,0.008856861158276587,0.521472744485645,0.08460824454828784,1.3607332447937906e-05,0.005556590629224105,0.5028246020629739,0.2019182207446939,3.9608496058002974e-05
