Model,Validation Sharpe,Validation Precision,Validation Recall,Validation Avg Return,Test Sharpe,Test Precision,Test Recall,Test Avg Return
GRU,0.0374862196909489,0.5726735269100347,0.09633060439825177,0.0003988971401739937,0.022811644711316647,0.5315867589758644,0.15288292876584195,0.0002338799216777718
LightGBM,0.024615779144285137,0.566339193045986,0.069583585607409,0.00037089363778907856,0.03606499753060722,0.5438052438179983,0.0644907615701565,0.0005097355158118351
Logistic Regression,0.024904790858613895,0.5825217966005115,0.07322562429330468,0.00030128255958443916,0.03401924059121445,0.5514130879542863,0.03935521287157935,0.0005387873528652924
RSI,0.003654797628732775,0.5460107311821895,0.4607823541840582,4.060662261269026e-05,-0.00013168643688964967,0.5334566452318295,0.45169773117839895,5.569275480877307e-07
SMA,0.013344479362547526,0.5286146164307874,0.0527466478772313,0.00022333893417422502,0.0255099156239044,0.523911936565395,0.05851227657274505,0.0003623793617158725
XGBoost,-0.004436200020239506,0.5360872788439531,0.135214000088402,2.5949020473888777e-06,-0.010906248214069937,0.5209898702893164,0.16702554089404162,-8.24773868730842e-05
