Input Type,Validation Sharpe,Validation Precision,Validation Recall,Validation Avg Return,Test Sharpe,Test Precision,Test Recall,Test Avg Return
candle,0.0709360960997431,0.5460993052844834,0.09639996929850211,0.0010466281388532062,0.030401580292636503,0.542177684064612,0.12194003664618255,0.00043282099160110217
ohlc,0.0752411104781544,0.5647322766315104,0.06823297875681739,0.0010270252842149356,-0.0020038285885875086,0.5286591423655744,0.12087136474898942,4.3763516652159986e-05
