Input Type,Validation Sharpe,Validation Precision,Validation Recall,Validation Avg Return,Test Sharpe,Test Precision,Test Recall,Test Avg Return
candle,0.1345315971121231,0.5581611799016459,0.09610294864414276,0.0017188968781918562,0.055835819542633766,0.545385473835811,0.1463574047541252,0.0007335536906218822
ohlc,0.133726681160827,0.563698390415758,0.05982500946418351,0.0015346045774382046,0.0149249839890495,0.5276961943102886,0.11973002629831017,0.00020962549222899713
