Input Type,Validation Sharpe,Validation Precision,Validation Recall,Validation Avg Return,Test Sharpe,Test Precision,Test Recall,Test Avg Return
candle,-0.00617682933989264,0.5544183387501965,0.09927151464270226,-1.7848946804290567e-05,-0.02492656041195374,0.5040725960947862,0.06728289922207624,-0.00032024574124805283
ohlc,-0.00028038689297647714,0.5607620467808122,0.07746752400063649,4.900692585600501e-05,-0.016832153194146812,0.556338669090797,0.13402962137732688,-0.00013458131473004884
