Model,Validation Sharpe,Validation Precision,Validation Recall,Validation Avg Return,Test Sharpe,Test Precision,Test Recall,Test Avg Return
GRU,-0.00433776780208955,0.6679705960064033,0.2250062913949484,-5.7369527567375005e-05,0.0073070945472550755,0.5806008524012213,0.26553923537157165,6.347797092210583e-05
LightGBM,0.10705033371624914,0.6123719353707723,0.029130071324915623,0.0014042667891791,0.0311458249551964,0.4983356095081701,0.08240262892060188,0.00038242736039905664
Logistic Regression,0.09562202994257345,0.7311105761015315,0.020812954289212524,0.00113540930844935,0.0436514656142082,0.5821152934257557,0.09783134195918335,0.0005121808176414374
RSI,-0.004842854715089,0.5216175855672001,0.4908211776786654,-5.0253218796411634e-05,0.0066212146112197,0.5186860342140067,0.4901636277548556,6.087024006367091e-05
SMA,-0.0169069909762311,0.5391544702513522,0.1477505696824376,-0.0001907943412858,-0.0095416849459221,0.4382756036530376,0.1570966797554948,-0.0001031620317965
XGBoost,0.04398709488732065,0.5202105380335758,0.14814638833341892,0.000494096673343925,0.011412376832152024,0.49967337974342724,0.20306081119348862,0.00010924605630595545
