Model,Validation Sharpe,Validation Precision,Validation Recall,Validation Avg Return,Test Sharpe,Test Precision,Test Recall,Test Avg Return
GRU,0.13407604731133682,0.6918023935595821,0.018465258866357942,0.0008710221892153272,0.049032951059297586,0.6273969959751335,0.030922008511100108,4.021032712546994e-05
LightGBM,-0.030581850222357633,0.5983710295258919,0.014922005030757022,-0.0005323910990075467,-0.019720983582237877,0.539679639127832,0.11089188776962675,-0.0002879722480723687
Logistic Regression,-0.03560370125572174,0.7849952750578855,0.025293192591127216,-0.0005476201564838542,-0.010294095508471567,0.5903656903988146,0.28349661792983755,-0.00010455517653772573
RSI,-0.0013716019288385094,0.5377074044822288,0.4408324842729083,2.612462639215536e-05,-0.008511565430239681,0.5235711648024948,0.4346806401246026,-0.00012478100140009542
SMA,-0.019001527632144296,0.5234566079109387,0.03440532869844621,-0.00017971598833174443,-0.020168047981029162,0.5066669027049993,0.06631093747097215,-0.0003266640657472588
XGBoost,-0.031555621807517316,0.5399188788951409,0.05863594523967932,-0.00042310665212893736,-0.017655304833662212,0.5077354626582103,0.17073151246091642,-0.00025567407957438485
