Input Type,Validation Sharpe,Validation Precision,Validation Recall,Validation Avg Return,Test Sharpe,Test Precision,Test Recall,Test Avg Return
candle,0.06449211924429629,0.5669380827519088,0.10097881814901771,0.0007062540761924329,0.048445533565734236,0.5425039156989487,0.0988551781917775,0.0006575735212576714
ohlc,0.06763027122254561,0.5720070902572252,0.057643695869046135,0.0006355980378024423,0.059077908346808324,0.5629037407915386,0.0854885558639714,0.0006646206094837228
