Input Type,Validation Sharpe,Validation Precision,Validation Recall,Validation Avg Return,Test Sharpe,Test Precision,Test Recall,Test Avg Return
candle,-0.00890644321715929,0.5517443273201493,0.10808025274701967,-3.7789640230767585e-05,-0.030487294466771425,0.5123444943087664,0.20447811332381519,-0.00023307216429752613
ohlc,0.04632480550745649,0.5811612441838218,0.057730276349996675,0.000349651195449698,-0.028331466593989694,0.5272739370369935,0.09319001288855522,-0.0001973254180348644
