Input Type,Validation Sharpe,Validation Precision,Validation Recall,Validation Avg Return,Test Sharpe,Test Precision,Test Recall,Test Avg Return
candle,0.0430783333443416,0.6628754246890222,0.06962464349171209,0.000368453422425916,0.02428859131070202,0.5328647093320551,0.13578416462147846,0.00022159727392178163
ohlc,0.05119286302318971,0.6532839618869047,0.06342161224695977,0.00036787581675143437,0.012473007138676677,0.5100141762759687,0.13233665407581965,8.073587541047907e-05
