Input Type,Validation Sharpe,Validation Precision,Validation Recall,Validation Avg Return,Test Sharpe,Test Precision,Test Recall,Test Avg Return
candle,0.0015757982347307765,0.5501469340184544,0.07115246085349625,-1.4572710711323354e-05,-0.013162178531004919,0.5150343389703946,0.21164122428245558,-0.0001710221232103726
ohlc,0.01943936171999627,0.5657000472922786,0.049522972790632634,-3.902008477775409e-05,-0.03676169769146481,0.5116100089169091,0.15488755873466373,-0.00025564313700761034
