Feature Type,Validation Sharpe,Validation Precision,Validation Recall,Validation Avg Return,Test Sharpe,Test Precision,Test Recall,Test Avg Return
extended,0.012044349575012615,0.5870920754669107,0.056965014674744206,4.8438776816970707e-05,-0.03408335061525072,0.5379875428891764,0.11669025807487513,-0.0002637233118639051
raw,0.025374012715284593,0.5458134960370605,0.10884551442227214,0.00026342277840195967,-0.024735410445510402,0.5016308884565834,0.18097786813749528,-0.00016667427046848546
