Feature Type,Validation Sharpe,Validation Precision,Validation Recall,Validation Avg Return,Test Sharpe,Test Precision,Test Recall,Test Avg Return
extended,0.06600904486983604,0.5915944658192291,0.05881772896289485,0.0007177823214782377,0.06718324734051052,0.561641156965012,0.06143115463465956,0.000830840791094292
raw,0.0301610015599971,0.5348526255457455,0.13049441648629137,0.0003004807844330394,0.0293036537131815,0.510967627858911,0.15028360999283735,0.00026420190937238337
