Input Type,Validation Sharpe,Validation Precision,Validation Recall,Validation Avg Return,Test Sharpe,Test Precision,Test Recall,Test Avg Return
candle,0.011721670938644463,0.6581716416277814,0.07127177122293789,0.0001556199010229745,0.004693810282114228,0.5666581787256445,0.13432179928530907,4.338081058348383e-05
ohlc,0.037418953888389325,0.6473027747328868,0.0709518081218059,0.00021292125675550426,-0.0006423700451978162,0.5213302166033312,0.1234048381797582,-4.568025888123555e-05
