Input Type,Validation Sharpe,Validation Precision,Validation Recall,Validation Avg Return,Test Sharpe,Test Precision,Test Recall,Test Avg Return
candle,0.02030028442801028,0.563937576884633,0.06919719739301705,0.00012827606569694292,0.00020220654999387848,0.5300971740666836,0.23278150131969227,-2.0718522523392617e-05
ohlc,-0.009682982097610125,0.560747454238833,0.10486895906274349,-4.1602075683375425e-05,-0.029699060453773674,0.5128841285604364,0.2280195456798259,-0.0001264988785953959
