Feature Type,Validation Sharpe,Validation Precision,Validation Recall,Validation Avg Return,Test Sharpe,Test Precision,Test Recall,Test Avg Return
extended,0.13733563189094553,0.6536690032436644,0.028077108626344098,0.0014046034023072504,0.029916201874504715,0.5783182144212746,0.05184958758493933,0.00040857828112867995
raw,0.01818453664915644,0.6441001946748717,0.16883460720666854,0.0002324940781694732,0.0010151399311662062,0.5116937650157555,0.2521252313097074,3.443963758497207e-05
