Feature Type,Validation Sharpe,Validation Precision,Validation Recall,Validation Avg Return,Test Sharpe,Test Precision,Test Recall,Test Avg Return
extended,0.016037439447896665,0.5722767898373726,0.0822773200615265,0.0001342214205391386,0.026832826439270048,0.5568234002541655,0.06687903804737975,0.0002467995037707677
raw,0.03520503491861617,0.5319420925554647,0.09484515416463433,0.0003662201616219807,-0.005600849466183408,0.5050865151329802,0.1422578977547215,-4.1399381198896465e-05
