Feature Type,Validation Sharpe,Validation Precision,Validation Recall,Validation Avg Return,Test Sharpe,Test Precision,Test Recall,Test Avg Return
extended,0.12964100535443512,0.5830027214718035,0.060069928763055724,0.0018576461082940312,0.06527319355218474,0.5501273046306314,0.08873454914476508,0.0008227397448848942
raw,0.056393995447044175,0.5278288604441902,0.10456301929226379,0.0007207399773180717,0.005865459221732286,0.5207095217995551,0.15407685225040688,0.00013850455860019644
