Feature Type,Validation Sharpe,Validation Precision,Validation Recall,Validation Avg Return,Test Sharpe,Test Precision,Test Recall,Test Avg Return
extended,0.05497039491785096,0.6209589274750709,0.035155297841245714,0.0007289447512436553,0.16756330793330138,0.6098198141022284,0.041322773708359906,0.0022684803473786673
raw,-0.008869082325831773,0.5688933052534721,0.09327796210018978,-6.336632780114669e-05,0.04712226771863918,0.5282856195173905,0.03912191483081228,0.0005524803054417461
