Model,Validation Sharpe,Validation Precision,Validation Recall,Validation Avg Return,Test Sharpe,Test Precision,Test Recall,Test Avg Return
GRU,-0.0052776415562428465,0.5565416269874364,0.17994045403796052,-3.255060541274719e-05,-0.1109286884121548,0.520680932584633,0.085137152453816,-0.0005592707300009446
LightGBM,0.03828653888393584,0.5939104319788902,0.018423983664377204,0.00022822073513701258,0.019672832311998605,0.5278524702775441,0.045023255813953486,0.00016498562432725171
Logistic Regression,0.08667677931622968,0.6003879597602015,0.03257842955262669,0.0006759508260934792,-0.029978694488990786,0.5224962210354658,0.2622325581395349,-0.00026455096768017493
RSI,-0.019571790498915873,0.5376499793131981,0.4828162734534646,-0.00014344559179996593,-0.015953378208469742,0.5198342214328004,0.49059415161110076,-0.00014353656402838288
SMA,0.010703648586773765,0.5027916544225683,0.32083255203450217,9.171161764150732e-05,-0.0020091997517229735,0.4925373134328358,0.3784545967287084,1.943492914056934e-05
XGBoost,-0.043280871971653034,0.5198777983930966,0.09272322257286059,-0.00026357662721013974,-0.029473865216757676,0.517132793294254,0.17079069767441862,-0.0002358008735282008
