Input Type,Validation Sharpe,Validation Precision,Validation Recall,Validation Avg Return,Test Sharpe,Test Precision,Test Recall,Test Avg Return
candle,-0.021205891571859675,0.643222090958322,0.06668822226448078,-0.00031257787530268653,-0.01591390998922075,0.5048457592119935,0.1791094508423481,-0.00015000063169624405
ohlc,-0.027104894479890014,0.6524163212071797,0.03002935117544276,-0.0005148359151017,-0.017598920179734325,0.5530737520424063,0.15037424344051117,-0.0002316649299886485
