Feature Type,Validation Sharpe,Validation Precision,Validation Recall,Validation Avg Return,Test Sharpe,Test Precision,Test Recall,Test Avg Return
extended,0.06465041922239921,0.6440296392349447,0.12260299258966248,0.00081303856750595,0.01172630126621586,0.5416379156171108,0.16218327195338267,0.00013939603648949168
raw,0.019380545179836714,0.6218021835211968,0.08894486008158525,0.0002480688091192794,-0.003695351433132712,0.5387246519221763,0.16223373676904004,3.1707833530640106e-06
