Feature Type,Validation Sharpe,Validation Precision,Validation Recall,Validation Avg Return,Test Sharpe,Test Precision,Test Recall,Test Avg Return
extended,0.10011140571922836,0.5532671705832289,0.030202390374450085,0.0009158133184443847,0.01991370691494466,0.5315649521069795,0.05404058003154783,0.00023485929303505916
raw,0.030873843444667932,0.5163333017749522,0.04633236274316572,0.0003096287203152141,-0.00037278931091537125,0.4859764652866156,0.14149013940466112,8.414129630062792e-05
