Feature Type,Validation Sharpe,Validation Precision,Validation Recall,Validation Avg Return,Test Sharpe,Test Precision,Test Recall,Test Avg Return
extended,0.04167471795186357,0.7017140184092898,0.048805022352698124,0.00025356485612336037,-0.004486835050910658,0.5362542989551747,0.06703928988357977,-3.3600844553014847e-07
raw,-0.010861030343810975,0.6341241768224485,0.1421351409125368,-5.0742483849675186e-05,-0.020004657182297846,0.5115118061009711,0.19839416979274715,-7.047706852840381e-05
