Model,Validation Sharpe,Validation Precision,Validation Recall,Validation Avg Return,Test Sharpe,Test Precision,Test Recall,Test Avg Return
GRU,0.03718661929470655,0.6816193705269773,0.043126954741657425,0.000367903395378925,0.0014009766458395003,0.5469977224807798,0.09530410170595782,6.0644994219105024e-06
LightGBM,0.0332284526981684,0.5832412360217165,0.09010501452691368,0.00026132770293394196,0.009146422395267275,0.5094991422017382,0.08683484281874485,7.515545667280612e-05
Logistic Regression,0.07673961094964375,0.7498684867943912,0.02881184871627655,0.00047471133378895,0.0203015620311428,0.4419278112383924,0.12611615803268833,0.00022572868967427612
RSI,-0.0060057144963743,0.54536608554701,0.4742428817258312,-3.612518929442337e-05,-0.0092142218818158,0.5281831957763784,0.4660832901297291,-7.065114824901015e-05
SMA,0.00279832313106,0.5347190250507786,0.2465480911353129,1.802169702467306e-05,-0.0049331997231403,0.5064578308285401,0.2419091866680754,-4.155328620770476e-05
XGBoost,0.008165054364210925,0.5267076465459125,0.10456154719789179,5.1096728357821084e-05,0.017294150565185476,0.5209883287471415,0.16174091804537635,0.00013453905914189403
