Feature Type,Validation Sharpe,Validation Precision,Validation Recall,Validation Avg Return,Test Sharpe,Test Precision,Test Recall,Test Avg Return
extended,-0.013764733918335088,0.5747408728997686,0.09132188880927095,-0.00010264900251336254,-0.014509703386559714,0.5547389243679218,0.07337357835900073,-0.00013173813684375356
raw,0.011626405749896372,0.5311826933573227,0.10215638384913196,0.00017914259173211426,-0.04230612198689796,0.4752062506934644,0.15204317054403058,-0.000485582625393504
