Model,Validation Sharpe,Validation Precision,Validation Recall,Validation Avg Return,Test Sharpe,Test Precision,Test Recall,Test Avg Return
GRU,0.017320473112763506,0.5413824403004549,0.026639729374177787,0.0002319431449222874,-0.06478910806669157,0.5087437090537121,0.02144331831831832,-0.0002442647227142336
LightGBM,0.07914626425692016,0.5404516775048895,0.029673729608100507,0.0008433138891525175,-0.01642108875121244,0.4966235073585322,0.07965181579932609,-0.0001632807667149898
Logistic Regression,0.04269918003081743,0.542377537523177,0.025501593849615603,0.0003117195417009537,0.028461461204346842,0.5359948102953751,0.1646387120928491,0.00026222908537876683
RSI,-0.015462267681283514,0.5138489208633094,0.5361231000187653,-0.00034182883680766756,-0.004825171650070899,0.5081189563948184,0.5219265367316341,-9.28359365062582e-06
SMA,-0.014193982869638333,0.49459391501131506,0.37574021012416425,-0.00016241897851302308,-0.00959153442253471,0.4858003442340792,0.43108056510118364,-7.72503165966365e-05
XGBoost,0.0045976180921782975,0.5149892893878408,0.0712544534033377,4.4194829606066736e-05,-0.012373633643774508,0.49372080807957064,0.12532759266192436,-9.548076862884994e-05
