Feature Type,Validation Sharpe,Validation Precision,Validation Recall,Validation Avg Return,Test Sharpe,Test Precision,Test Recall,Test Avg Return
extended,0.07536443649503728,0.6007406413288531,0.05727460216994752,0.0008592322530483654,0.09674996091775716,0.5736559913026649,0.06267746726615775,0.0012113146706263771
raw,0.03617121055200673,0.5416638112413663,0.10168356089012731,0.0003603909456905179,0.03559475392830218,0.530911114263492,0.10424722987418038,0.0002926566676047284
