Input Type,Validation Sharpe,Validation Precision,Validation Recall,Validation Avg Return,Test Sharpe,Test Precision,Test Recall,Test Avg Return
candle,0.032596088991078416,0.5517443273201493,0.10808025274701967,0.00021025369935386123,-0.0032560691159963895,0.5123444943087664,0.20447811332381519,-1.4131251034069082e-05
ohlc,0.09163541722916231,0.5811612441838218,0.057730276349996675,0.0006059624425667294,0.008235351299855444,0.5272739370369935,0.09319001288855522,4.9079563202702705e-05
