Input Type,Validation Sharpe,Validation Precision,Validation Recall,Validation Avg Return,Test Sharpe,Test Precision,Test Recall,Test Avg Return
candle,-0.016341782779747925,0.5705144378839804,0.16766097819584724,-0.00020667171698778635,0.05025170198670122,0.5477622426500657,0.09714128230979732,0.000929062139562525
ohlc,-0.013144068016612713,0.5896223560700696,0.04294186918625996,-0.00028516774389264796,0.07956241854546565,0.5552836038601341,0.0403478758746654,0.001253654858720539
