Input Type,Validation Sharpe,Validation Precision,Validation Recall,Validation Avg Return,Test Sharpe,Test Precision,Test Recall,Test Avg Return
candle,0.02131568887701324,0.6508835190032148,0.0691291872497018,0.00019505523328765324,0.016287168318887248,0.5588558147360911,0.10934877306797236,0.0001891773360990327
ohlc,0.05641445322696015,0.6305245234666057,0.05578296802628756,0.00034112332083997447,0.0011134608407005865,0.48380012811390294,0.09443417067757685,3.1634003174010224e-05
