Model,Validation Sharpe,Validation Precision,Validation Recall,Validation Avg Return,Test Sharpe,Test Precision,Test Recall,Test Avg Return
GRU,0.04344037848760427,0.5663077230486047,0.034048089000538254,0.0004111173075423665,0.08407672776361858,0.5586605184950084,0.0743377185078392,0.000721764327170641
LightGBM,0.019080556934053597,0.5623700770604931,0.05717227793696268,9.44494420922264e-05,0.027515849359429797,0.5516398929049531,0.0336391437308868,2.4602605391424998e-05
Logistic Regression,0.03428307453538275,0.5955120093713302,0.0317424785100286,0.00032393642635325,0.044625052478840604,0.5588899284125249,0.03620255441626188,0.0003638123010394944
RSI,0.0030483132408644,0.5525309336332959,0.4401433691756272,1.600079954445813e-05,0.0047173322934419,0.5370082240497889,0.4347669605902465,2.438727001342767e-05
SMA,0.0247530432478944,0.5325670498084292,0.0749865132170472,0.0001503005217527,-0.0058293496180675,0.5223367697594502,0.0548934633441675,-3.715613989821005e-05
XGBoost,-0.011641023967409,0.5352387407236463,0.1993642550143266,-5.908070868646067e-05,-0.0156084516605347,0.5241328891898452,0.19167116387839536,-9.165982555653593e-05
