Feature Type,Validation Sharpe,Validation Precision,Validation Recall,Validation Avg Return,Test Sharpe,Test Precision,Test Recall,Test Avg Return
extended,0.09365894330993087,0.7017140184092898,0.048805022352698124,0.0005409083697426422,0.05114016626309251,0.5362542989551747,0.06703928988357977,0.00027590862047375295
raw,0.029240639265223294,0.6341241768224485,0.1421351409125368,0.00018549795667541368,0.021618535175514327,0.5115118061009711,0.19839416979274715,0.00015702533153414747
