Input Type,Validation Sharpe,Validation Precision,Validation Recall,Validation Avg Return,Test Sharpe,Test Precision,Test Recall,Test Avg Return
candle,0.0008202627949194649,0.5563120006651349,0.08190272803576742,1.9618767448942443e-05,-0.033538444626680916,0.5203008861743559,0.29888027351302837,-0.00015501470857289917
ohlc,-0.012866054406168783,0.5649978183692621,0.08653469149921583,-6.16611117313562e-05,-0.03491685064996825,0.5142300106601231,0.1960509656604286,-0.00019225447920589086
