Input Type,Validation Sharpe,Validation Precision,Validation Recall,Validation Avg Return,Test Sharpe,Test Precision,Test Recall,Test Avg Return
candle,0.09438460013683889,0.5837979290976902,0.09953731538342099,0.0006390098520647873,0.04638347135369169,0.530629297051307,0.09466392010138072,0.0003572268515020414
ohlc,0.06563037323279008,0.5739143547848493,0.057476764185386255,0.00041402725273906554,0.18506325928677508,0.6258067879320843,0.0473332750130313,0.0012962185816770245
