Feature Type,Validation Sharpe,Validation Precision,Validation Recall,Validation Avg Return,Test Sharpe,Test Precision,Test Recall,Test Avg Return
extended,0.0007887969073686568,0.6839852218699264,0.03226906093177201,-4.808528254957563e-05,-0.001644328592985409,0.5749172993733519,0.11066683352580793,-2.2446075660065447e-05
raw,0.03272128552256735,0.6678329650280486,0.029856553382619368,9.399192122149423e-06,-0.009566418534560006,0.513746787137121,0.23888048951143342,-0.00013148086710112165
