Input Type,Validation Sharpe,Validation Precision,Validation Recall,Validation Avg Return,Test Sharpe,Test Precision,Test Recall,Test Avg Return
candle,0.012677541174281971,0.6628754246890222,0.06962464349171209,0.00011175983485125875,-0.002579684825676161,0.5328647093320551,0.13578416462147846,-6.318046841596177e-06
ohlc,0.019275836309561093,0.6532839618869047,0.06342161224695977,0.0001174188674193357,-0.0184008295888885,0.5100141762759687,0.13233665407581965,-0.00014457202788306837
