Feature Type,Validation Sharpe,Validation Precision,Validation Recall,Validation Avg Return,Test Sharpe,Test Precision,Test Recall,Test Avg Return
extended,0.0390125682103521,0.6708223648037995,0.040675465536171705,0.0003564128517388868,0.011194684185641183,0.5760180339478048,0.07429486963577338,0.00011284335503146308
raw,0.010128056616681683,0.6346520515568687,0.1015481138085721,1.2128306039591963e-05,-0.007143243948724768,0.5119703613811709,0.18343176782929388,-0.00011514280332921481
