Input Type,Validation Sharpe,Validation Precision,Validation Recall,Validation Avg Return,Test Sharpe,Test Precision,Test Recall,Test Avg Return
candle,0.022088307501228185,0.5222792012217471,0.14918025909319949,0.0001944265435525,-0.004486839278563387,0.5058579821206838,0.24789340597148998,-4.092242080973906e-05
ohlc,0.03079553514631731,0.5276669985694081,0.1382875893072578,0.00031060219150430573,-0.003767602647200113,0.5070448559209402,0.20438244953583307,-4.6293232045954065e-05
