Model,Validation Sharpe,Validation Precision,Validation Recall,Validation Avg Return,Test Sharpe,Test Precision,Test Recall,Test Avg Return
GRU,0.07255010116530514,0.5555860206692327,0.07142204350210199,0.0008693438167534536,0.022808194979977818,0.5343085537201635,0.09081504138179201,0.00032958282669457513
LightGBM,0.11010169627577072,0.5748479048539532,0.020476103611820503,0.001659360178851978,0.014208470470194051,0.5358536499430203,0.06786740927057132,0.00032157461056960327
Logistic Regression,0.08562555275780896,0.5656584955736229,0.04715432323969354,0.0013156388706353753,0.025310309280057137,0.559347714388089,0.05996227093065038,0.0003478159730175215
RSI,0.015199841020847942,0.5293862502710909,0.44551925533856546,0.00015832635963399034,0.001011840949536973,0.529253112033195,0.45840071877807725,9.648904501027879e-06
SMA,0.03749871563428903,0.5225225225225225,0.06377130291368883,0.000568910834429044,0.01420410705716085,0.5495750708215298,0.03498016588532275,0.00020835235386808295
XGBoost,0.0240770629569102,0.5255707427351786,0.190213425757023,0.0003029639798954775,-0.005531471322131023,0.5121637348091002,0.26697808120733024,-4.580439377517562e-05
