Model,Validation Sharpe,Validation Precision,Validation Recall,Validation Avg Return,Test Sharpe,Test Precision,Test Recall,Test Avg Return
GRU,0.15017637590617433,0.5776419974720531,0.054012063608115515,0.0022165477076288497,0.037428615243433334,0.5441417964423532,0.1356603094638359,0.0005289935722640356
LightGBM,0.13682508010187944,0.5748479048539532,0.020476103611820503,0.001659360178851978,-0.01576432116747732,0.5284011237223899,0.06746316924182537,-0.00011267822572856614
Logistic Regression,0.10936759462297571,0.5656584955736229,0.04715432323969354,0.0013156388706353753,0.053151575202919146,0.562373455482881,0.055964786201940356,0.0007073646056300542
RSI,0.012805882370074644,0.5293862502710909,0.44551925533856546,0.00015832635963399034,-0.0034498726834021787,0.529253112033195,0.45840071877807725,9.648904501027879e-06
SMA,0.034966466307165704,0.5225225225225225,0.06377130291368883,0.000568910834429044,0.006949162008981453,0.5495750708215298,0.03498016588532275,0.00020835235386808295
XGBoost,0.023741844463047983,0.5255707427351786,0.190213425757023,0.0003029639798954775,-0.013878042797753284,0.5112469606445752,0.27308659719726913,-0.0001222362407691269
