Feature Type,Validation Sharpe,Validation Precision,Validation Recall,Validation Avg Return,Test Sharpe,Test Precision,Test Recall,Test Avg Return
extended,0.021017910577346824,0.5747408728997686,0.09132188880927095,0.0001639622272370258,0.013616671961971026,0.5547389243679218,0.07337357835900073,0.00014221833877057786
raw,0.039801240313292116,0.5311826933573227,0.10215638384913196,0.0004225495604949545,-0.016950709164129985,0.4752062506934644,0.15204317054403058,-0.00022806642090941425
