Feature Type,Validation Sharpe,Validation Precision,Validation Recall,Validation Avg Return,Test Sharpe,Test Precision,Test Recall,Test Avg Return
extended,0.0080122274815552,0.5829996383082295,0.04593970764087739,1.8679336797258145e-05,-0.029458172586639915,0.5277699014938921,0.10453780425886464,-0.00021089378761911002
raw,0.029602457898175984,0.5517011465085212,0.055624604073643544,0.0003054941863533203,-0.03065726678274746,0.5099220958111255,0.1816405822725641,-0.0002088219284316986
