Feature Type,Validation Sharpe,Validation Precision,Validation Recall,Validation Avg Return,Test Sharpe,Test Precision,Test Recall,Test Avg Return
extended,0.036256387548222684,0.6468422195496232,0.056281248282274494,0.00020337652721405145,0.008529557312020632,0.5707512941097823,0.05766787776221739,0.00012833317386989307
raw,0.041473754555750704,0.6345658229201974,0.06863090699371487,0.00033280202691357623,0.008871071847567203,0.47190464874021176,0.14611506598333185,9.247816540314987e-05
