Feature Type,Validation Sharpe,Validation Precision,Validation Recall,Validation Avg Return,Test Sharpe,Test Precision,Test Recall,Test Avg Return
extended,-0.008601082685629258,0.5956980607151703,0.0502762144574526,-4.2764813933951765e-05,-0.03260697597906914,0.5387813442279472,0.09782037950889112,-0.0001412452632355355
raw,-0.0034447089256200605,0.5256117583192266,0.11816120507753065,7.224696515380086e-07,-0.03584831929758003,0.4957495526065318,0.3971108596645659,-0.0002060239245432545
