Model,Validation Sharpe,Validation Precision,Validation Recall,Validation Avg Return,Test Sharpe,Test Precision,Test Recall,Test Avg Return
GRU,0.003355093477788061,0.5856807672698425,0.18268528660094926,-0.00011133675463799325,0.03965970443519326,0.5360392072314681,0.11804798255179934,0.0006082933351083796
LightGBM,-0.03204827498139575,0.5870071954190471,0.026694606413994168,-0.00031365864521625247,0.09778679383585152,0.5442838467525819,0.012926342525399129,0.0016138162943065393
Logistic Regression,-0.019617815877065212,0.597757124035847,0.1548378279883382,-0.0004588734450456241,0.12833312191987323,0.6010526479233368,0.03864296081277213,0.002186061605813799
RSI,0.006919276530754067,0.549043549043549,0.4917973022238425,5.499574794015828e-05,0.009326294202155373,0.5310330747243773,0.4720508166969147,9.653943381689538e-05
SMA,0.024399096596182012,0.5341463414634147,0.040087863811092805,0.00039939277715011557,0.05682127940290055,0.5005359056806002,0.08503277494537509,0.0009700849631740482
XGBoost,-0.010660704212048445,0.5498285011833635,0.056987973760932946,-9.981007686109692e-05,-0.0061513791265841635,0.5247159911130127,0.10536103047895501,-4.273723866239426e-05
