Feature Type,Validation Sharpe,Validation Precision,Validation Recall,Validation Avg Return,Test Sharpe,Test Precision,Test Recall,Test Avg Return
extended,0.044000968145028,0.5933226692227092,0.0612198515072414,0.00033036261453900357,0.039398842326263936,0.5641038805995381,0.06335554610673724,0.000253264415871633
raw,-0.001419475150212187,0.536391605879328,0.09994369872368666,5.484861911168756e-05,0.0309057466444132,0.5325577339016278,0.10456974415995438,0.00025599528815087926
