Input Type,Validation Sharpe,Validation Precision,Validation Recall,Validation Avg Return,Test Sharpe,Test Precision,Test Recall,Test Avg Return
candle,-0.015888199669376424,0.5499913467432533,0.12345520622673682,-8.46531142133447e-05,-0.0077292745708414925,0.5245019950498454,0.20315100873557632,-9.239978736115294e-05
ohlc,0.054090602005511246,0.585367561816559,0.03837783868717568,0.00038867527851714717,-0.06762493333211084,0.519579213546103,0.07844082330528518,-0.00035491868607988135
