Input Type,Validation Sharpe,Validation Precision,Validation Recall,Validation Avg Return,Test Sharpe,Test Precision,Test Recall,Test Avg Return
candle,0.10570313809591769,0.5581611799016459,0.09610294864414276,0.0014616163007039698,0.03483937771572905,0.545385473835811,0.1463574047541252,0.0004981789980289367
ohlc,0.10435230945112105,0.563698390415758,0.05982500946418351,0.0012856390678018703,-0.004370464475168116,0.5276961943102886,0.11973002629831017,2.542857669261658e-06
