Model,Validation Sharpe,Validation Precision,Validation Recall,Validation Avg Return,Test Sharpe,Test Precision,Test Recall,Test Avg Return
GRU,0.028766274536338912,0.7521541365650787,0.05863671122215508,0.00031281027358282947,-0.0005695200510269279,0.554708057366377,0.06539505219054967,2.9670379156150763e-05
LightGBM,0.08321772084382642,0.6123719353707723,0.029130071324915668,0.0011147646772056903,0.007269240956987461,0.4983356095081701,0.08240262892060195,0.00013703317159267188
Logistic Regression,0.07471022792793079,0.7311105761015315,0.020812954289212576,0.0008922966104864156,0.02683311854106766,0.5821152934257557,0.09783134195918337,0.00031402649081638555
RSI,-0.0151275089327762,0.5216175855672001,0.4908211776786654,-0.00015706670812882725,-0.004577051315539034,0.5186860342140067,0.49016362775485567,-4.208092972566988e-05
SMA,-0.017877081545693726,0.5391544702513522,0.14775056968243763,-0.0002017352603230574,-0.010583419305752682,0.43827560365303764,0.15709667975549485,-0.00011443597259750114
XGBoost,0.02048811382668875,0.5202105380335758,0.14814638833341895,0.0002336000160130848,-0.01551445198445279,0.4996733797434273,0.20306081119348862,-0.0001424238229575265
