Model,Validation Sharpe,Validation Precision,Validation Recall,Validation Avg Return,Test Sharpe,Test Precision,Test Recall,Test Avg Return
GRU,0.09273694769981686,0.7209212733057315,0.0935199228450404,0.0007153243581908085,0.04958907031867232,0.5772487533772763,0.09482406215146864,0.0003780453395647044
LightGBM,0.06613061646194947,0.5952140521789159,0.04434085619713957,0.0004578171226816042,0.020228641808713213,0.5318930111529772,0.08983884787489302,0.00013227676784367402
Logistic Regression,0.054974582035410946,0.7660892449832091,0.026405291124837794,0.00042282335706236157,0.033566687082399856,0.5561349628409864,0.13873422472984018,0.00026599908348875123
RSI,-0.002520414155539566,0.5365458633102781,0.46863065061228487,-2.13339950522469e-06,-0.0014957157465772231,0.5246810844398475,0.46339457472084383,-8.203554390701434e-06
SMA,-0.003882647553713651,0.5340852252111392,0.11668981359187701,-5.1908609176579716e-05,-0.011128140630982882,0.4934342767365068,0.12319088389165656,-0.0001181516216390356
XGBoost,0.025412460640729797,0.5287242622534798,0.12018108852246981,0.0001486165319608886,0.005909572634948494,0.5107000632867117,0.1920561401739327,5.519348915208735e-05
