Feature Type,Validation Sharpe,Validation Precision,Validation Recall,Validation Avg Return,Test Sharpe,Test Precision,Test Recall,Test Avg Return
extended,-0.01800025070102663,0.5722767898373726,0.0822773200615265,-0.00012129345531893678,-0.00880830012296552,0.5568234002541655,0.06687903804737975,-1.6487780868880594e-05
raw,0.007537608295472754,0.5319420925554647,0.09484515416463433,0.00012291748319247423,-0.030743542420542655,0.5050865151329802,0.1422578977547215,-0.0002790070472551323
