Input Type,Validation Sharpe,Validation Precision,Validation Recall,Validation Avg Return,Test Sharpe,Test Precision,Test Recall,Test Avg Return
candle,0.0005358880152063001,0.5705144378839804,0.16766097819584724,1.5655976776877072e-05,0.06748252652761917,0.5477622426500657,0.09714128230979732,0.0011867018575447874
ohlc,0.0069540754518479875,0.5896223560700696,0.04294186918625996,-2.456175258115e-05,0.10275754463930206,0.5552836038601341,0.0403478758746654,0.0015285556732427
