Input Type,Validation Sharpe,Validation Precision,Validation Recall,Validation Avg Return,Test Sharpe,Test Precision,Test Recall,Test Avg Return
candle,-0.011303540898593256,0.5491065422732874,0.04401194325099898,-0.00027352361349901425,-0.010417592448131471,0.5106818037230887,0.3049559776289919,-0.00012614995906137864
ohlc,-0.03854638630567174,0.5708559150082049,0.03314602339895513,-0.0008658111801191571,-0.006106405722957624,0.5072567908128863,0.36155711076428815,-7.846866656367606e-05
