Input Type,Validation Sharpe,Validation Precision,Validation Recall,Validation Avg Return,Test Sharpe,Test Precision,Test Recall,Test Avg Return
candle,0.010911181822417772,0.5446407277498377,0.10380507653371633,0.00011280833978624967,-0.007764047703914643,0.5232742425692397,0.07814778632605977,-2.0880794435454965e-05
ohlc,0.040331292544095065,0.5595781546429995,0.0733173976924445,0.00038763324237486965,0.028996024677001284,0.5386356728179059,0.13098914947604148,0.00022628091700732617
