Feature Type,Validation Sharpe,Validation Precision,Validation Recall,Validation Avg Return,Test Sharpe,Test Precision,Test Recall,Test Avg Return
extended,0.07723270756083409,0.6950408243484516,0.05003681735272092,0.00039518115441865374,0.06723900333578813,0.5469525545516032,0.08922555010074937,0.0003209187156333026
raw,0.03695842468557076,0.6401358121866143,0.1383754280532915,0.00023133577548129563,0.0403109033464134,0.5397442103972806,0.13590222378358335,0.00022911015475051382
