Feature Type,Validation Sharpe,Validation Precision,Validation Recall,Validation Avg Return,Test Sharpe,Test Precision,Test Recall,Test Avg Return
extended,0.17086111070275078,0.5956649718446371,0.040420870090052616,0.002054497448310098,0.04164081696397036,0.5482370961976348,0.05974971802920549,0.0005947575431866447
raw,0.03919433684428795,0.5261945984727668,0.11550708801827367,0.0006927579201957421,-0.011171903723409418,0.5248445719484648,0.2063377130232299,-9.40356874884464e-05
