Input Type,Validation Sharpe,Validation Precision,Validation Recall,Validation Avg Return,Test Sharpe,Test Precision,Test Recall,Test Avg Return
candle,-0.011661261987259875,0.6508835190032148,0.0691291872497018,-6.350176296207477e-05,-0.0073012625214819455,0.5588558147360911,0.10934877306797236,-4.674540893250643e-05
ohlc,0.018394596635048954,0.6305245234666057,0.05578296802628756,0.00010238158619533241,-0.02504381960399438,0.48380012811390294,0.09443417067757685,-0.00018618702735555322
