Feature Type,Validation Sharpe,Validation Precision,Validation Recall,Validation Avg Return,Test Sharpe,Test Precision,Test Recall,Test Avg Return
extended,0.0026105601269629363,0.6468616988081467,0.06115279152810689,-1.8033161165448474e-05,-0.011942588881348588,0.5031361513171273,0.07291830629797011,-9.569340121463685e-05
raw,0.006764910643734851,0.6238566711363521,0.07214989106326283,0.00012681129085355755,-0.019291850314646312,0.5065703510168986,0.16207970400341357,-0.00014573582862790303
