Input Type,Validation Sharpe,Validation Precision,Validation Recall,Validation Avg Return,Test Sharpe,Test Precision,Test Recall,Test Avg Return
candle,0.03262971047074691,0.5669380827519088,0.10097881814901771,0.0004496865978092472,0.019518975047277218,0.5425039156989487,0.0988551781917775,0.00040107947433382025
ohlc,0.033674296477883656,0.5720070902572252,0.057643695869046135,0.0003841279442971863,0.025515534763790083,0.5629037407915386,0.0854885558639714,0.0004245416514019745
