Model,Validation Sharpe,Validation Precision,Validation Recall,Validation Avg Return,Test Sharpe,Test Precision,Test Recall,Test Avg Return
GRU,0.050071041232633624,0.7570386377545307,0.133534514684429,0.0002906173694431549,0.061654300570541554,0.5408647487850995,0.08745958195354533,0.0003114587960781032
LightGBM,0.08372683374667156,0.5868720077972829,0.043206333905971894,0.00038600387533216666,0.06009944499041746,0.5512487185709487,0.0722971774188303,0.0002383557252880964
Logistic Regression,0.055373020916894666,0.7983826419790283,0.030703168902734775,0.00041116090640055453,0.07905863427240745,0.5686152133554685,0.0495132003879827,0.0004763840333589852
RSI,-0.004382399507016996,0.5414923776446734,0.4686260587717345,-1.2093067967329164e-05,0.00720924193974748,0.5282839429665103,0.4626507408741879,4.27502343018375e-05
SMA,0.018082238652267883,0.5390107976314873,0.03805526485131121,0.0001268569022465567,-0.005854309321756165,0.5223367697594502,0.027446731672083786,-1.7310779073467822e-05
XGBoost,0.03921136859660985,0.52805998553929,0.16938047331888917,0.0001652517086240226,0.014287433531036592,0.5126648491862508,0.24098558800830708,7.3859186042448e-05
