Model,Validation Sharpe,Validation Precision,Validation Recall,Validation Avg Return,Test Sharpe,Test Precision,Test Recall,Test Avg Return
GRU,0.009641591481019634,0.5441230349835018,0.24794469357249624,4.4233143790988016e-05,-0.085378269106623,0.5301933139935991,0.5864931846344487,-0.0005573229908203246
LightGBM,0.05861834908081362,0.5633287732447847,0.06291946308724825,0.00035729599588483465,0.0477973348299808,0.5249153628791046,0.17462451325792694,0.00020985778900060997
Logistic Regression,0.04788944454635455,0.5776403245523343,0.06506338553318415,0.00029291755002582557,0.03575419327599402,0.5341317930467945,0.3461895049137771,0.00013671686689886465
RSI,-0.020514153894524,0.5304538216560509,0.4971087483678418,-0.0001035495251906,-0.0008420175838643,0.5195596618832318,0.4905345211581292,-3.963943733634109e-06
SMA,0.0006086636943295,0.4970745357415416,0.3695158850226929,3.3951652774600785e-06,-0.0123869162977386,0.4923226907141116,0.3798420458819105,-6.661816037307711e-05
XGBoost,0.03232358190077195,0.5206021323777004,0.1258389261744966,0.00018096224744256544,0.00194531031553895,0.5007582284140298,0.2514834044131281,1.1957242750138368e-05
