Feature Type,Validation Sharpe,Validation Precision,Validation Recall,Validation Avg Return,Test Sharpe,Test Precision,Test Recall,Test Avg Return
extended,0.004102498840090058,0.5797109491847258,0.04036962363918598,-2.9138476373410768e-05,-0.02976171792747779,0.5308225822366268,0.11112282213443665,-0.0002465947807983576
raw,0.01691266111463699,0.5361360321260074,0.0803058100049429,-2.445431911566669e-05,-0.02016215829499194,0.49582176565067687,0.25540596088268264,-0.00018007047941962537
