Feature Type,Validation Sharpe,Validation Precision,Validation Recall,Validation Avg Return,Test Sharpe,Test Precision,Test Recall,Test Avg Return
extended,0.09251340223931512,0.658458838274059,0.04846504766669459,0.0011335790603435702,0.034347616872816636,0.5585438799521794,0.07651646365984267,0.0003734582541862306
raw,0.053900362621605274,0.6494647547614202,0.07989801491815654,0.0006339926866593126,0.018694011219184094,0.5088722900696856,0.14782845347206913,0.00025885413900207546
