Model,Validation Sharpe,Validation Precision,Validation Recall,Validation Avg Return,Test Sharpe,Test Precision,Test Recall,Test Avg Return
GRU,0.0919704847625898,0.7318453463311926,0.1957340177184781,0.0010335336572482564,0.05562819065559145,0.5505367999617921,0.22797207404417733,0.000754697341232146
LightGBM,0.1168976903268528,0.6123719353707723,0.029130071324915668,0.0011147646772056903,-0.011582778703792356,0.5190636156067795,0.08123953287549844,-0.00010695059059115299
Logistic Regression,0.08113372636910765,0.7311105761015315,0.020812954289212576,0.0008922966104864156,0.031135462392976168,0.608454200724063,0.09462980936161992,0.00036725915388798394
RSI,-0.008365541002626951,0.5216175855672001,0.4908211776786654,-0.00015706670812882725,-0.006133570632808429,0.5186860342140067,0.49016362775485567,-4.208092972566988e-05
SMA,-0.015857816418643606,0.5391544702513522,0.14775056968243763,-0.0002017352603230574,-0.012066660619417913,0.43827560365303764,0.15709667975549485,-0.00011443597259750114
XGBoost,0.021038435621653702,0.5202105380335758,0.14814638833341895,0.0002336000160130848,-0.013318190733433422,0.5019693425814258,0.20410822150799776,-0.00012897006710167294
