Input Type,Validation Sharpe,Validation Precision,Validation Recall,Validation Avg Return,Test Sharpe,Test Precision,Test Recall,Test Avg Return
candle,0.003701129436622496,0.5943071171240706,0.0975167649793449,0.0001920438211982425,0.0787758547160804,0.571679055128653,0.045066753005504265,0.0013447050862495057
ohlc,0.0014596576463274443,0.5955451156044724,0.03091649496209061,-4.282038555148126e-05,0.09204710244359106,0.5718750583443339,0.03537793553366793,0.001023407210617579
