Feature Type,Validation Sharpe,Validation Precision,Validation Recall,Validation Avg Return,Test Sharpe,Test Precision,Test Recall,Test Avg Return
extended,0.02490590580627068,0.6720739107772568,0.04670706043720725,0.00020201672522418738,-0.005714714518828042,0.5413056875994452,0.07988595984538874,-4.2915744706095074e-05
raw,0.007047471677572382,0.6440854757986701,0.08633919530146461,2.716197704640706e-05,-0.015265799895736619,0.5015731980085786,0.18823485885190938,-0.00010797433001856949
