Feature Type,Validation Sharpe,Validation Precision,Validation Recall,Validation Avg Return,Test Sharpe,Test Precision,Test Recall,Test Avg Return
extended,0.041093552607709145,0.5797109491847258,0.04036962363918598,0.00024584315809233836,0.0019373807633148385,0.5308225822366268,0.11112282213443665,-1.5933738581261154e-05
raw,0.050146078369921285,0.5361360321260074,0.0803058100049429,0.00022235051800075138,0.003037966097381825,0.49582176565067687,0.25540596088268264,-7.264326681346348e-06
