Input Type,Validation Sharpe,Validation Precision,Validation Recall,Validation Avg Return,Test Sharpe,Test Precision,Test Recall,Test Avg Return
candle,-0.005720336233323369,0.556830029853953,0.0431172132625573,-0.00020793481167496534,-0.013342014112573885,0.5095611404558129,0.2595258602991147,-0.00019300240867206253
ohlc,0.012049118477420729,0.5774276353290559,0.031187420930012838,-0.0005692473703163819,-0.01287119679325674,0.5037897927356063,0.3500145328173782,-0.00016687314472039468
