Input Type,Validation Sharpe,Validation Precision,Validation Recall,Validation Avg Return,Test Sharpe,Test Precision,Test Recall,Test Avg Return
candle,0.03552492972800821,0.5350079373763014,0.15232032893262837,0.00022443468600332798,0.020639191036149113,0.515301826032075,0.41395926979555625,8.090143727204751e-05
ohlc,0.04286440553296481,0.5712272180913389,0.07722264977659685,0.000237417873822749,-0.011322997417572398,0.5296266958691306,0.21957072655403204,-0.00012643612514841461
