Model,Validation Sharpe,Validation Precision,Validation Recall,Validation Avg Return,Test Sharpe,Test Precision,Test Recall,Test Avg Return
GRU,0.0397343288126185,0.5413824403004549,0.026639729374177787,0.0004089362554516601,-0.0359735167924332,0.5087437090537121,0.02144331831831832,-4.8585536388151624e-05
LightGBM,0.113807621009665,0.5404516775048895,0.029673729608100507,0.0011428005277833565,0.004270040397724236,0.4966235073585322,0.07965181579932609,7.966571681973641e-05
Logistic Regression,0.07424890269560376,0.542377537523177,0.025501593849615603,0.0005643261227640924,0.05820392348595878,0.5359948102953751,0.1646387120928491,0.0004543756187139995
RSI,-0.014695478773828695,0.5138489208633094,0.5361231000187653,-0.0002815230814119842,0.0010404957702192569,0.5081189563948184,0.5219265367316341,4.8570812479642366e-05
SMA,-0.01403710625542577,0.49459391501131506,0.37574021012416425,-0.00015872272505564319,-0.009383569504845639,0.4858003442340792,0.43108056510118364,-7.348525635567266e-05
XGBoost,0.03417964580990532,0.5149892893878408,0.0712544534033377,0.0003348211715200885,0.012581388116808761,0.49372080807957064,0.12532759266192436,0.00015254537952578983
