Input Type,Validation Sharpe,Validation Precision,Validation Recall,Validation Avg Return,Test Sharpe,Test Precision,Test Recall,Test Avg Return
candle,0.037032847535291735,0.5662254301214249,0.09693548513041537,0.0003101039574535621,0.034137618993111234,0.5443290545010645,0.0875229938083549,0.00034982665973147124
ohlc,0.0055486454595240755,0.5634888449806122,0.06422806510051268,7.510727619712898e-05,0.036166969977565896,0.5523325600001013,0.08040229645833671,0.000159433044291041
