Feature Type,Validation Sharpe,Validation Precision,Validation Recall,Validation Avg Return,Test Sharpe,Test Precision,Test Recall,Test Avg Return
extended,0.04210596883571018,0.5802916985273133,0.04444078373453104,0.00023285287708939764,0.010154127543437268,0.5322088825773635,0.1126448208341474,3.0228951543844247e-05
raw,0.0402901398470511,0.5339878302230249,0.08199925171690522,0.00018593090561399642,-0.009144005849839595,0.4885432624588674,0.2905822996352304,-0.00015470935412410385
