Asset,Model,C,Threshold,Cumulative Return,Annualized Return,Annualized Volatility,Annualized Sharpe,Maximum Drawdown,Turnover,Number of Trades,Average Return per Trade,Precision,Recall,Accuracy,TP,FP,FN,TN
BTC,Logistic Regression,10,0.6300000000000001,0.0013823595872033412,0.0011073538262778015,0.06053638475256138,0.04843448818745247,-0.06278973740316274,132.0,132.0,0.0004040356343585804,0.5185185185185185,0.0075675675675675675,0.4926833729650631,42.0,39.0,5508.0,5345.0
ETH,Logistic Regression,10,0.6400000000000001,0.1206615631449659,0.09556335949147887,0.10751438360474827,0.9027965613986654,-0.06100724066820362,520.0,520.0,0.000815350493251307,0.5870307167235495,0.030896353511765763,0.49551856594110116,172.0,121.0,5395.0,5246.0
XRP,Logistic Regression,10,0.6000000000000001,0.9240204485914973,0.6892754079091361,0.2631442787719001,2.1231556797115676,-0.17083513880612955,342.0,342.0,0.004408638191824482,0.6244897959183674,0.02780301653643467,0.5022864459484178,153.0,92.0,5350.0,5339.0
SOL,Logistic Regression,10,0.52,0.013170500181308942,0.01053807459150291,0.581338927854206,0.3085073967053175,-0.5127769947958013,2334.0,2334.0,0.0005408140062013873,0.5361467889908257,0.2627697841726619,0.509511615145418,1461.0,1264.0,4099.0,4110.0
