Asset,Strategy,Cumulative Return,Annualized Return,Annualized Volatility,Annualized Sharpe,Maximum Drawdown,Turnover,Number of Trades,Avg Return,Signal Return Std,Precision,Recall
BTC,Buy-and-Hold,0.4009650503176245,0.3095450673394806,0.45786145154182556,0.8180314235425868,-0.34761479100503256,1.0,1.0,4.2756284816214005e-05,0.0048919502046284955,0.5075785244704164,1.0
ETH,Buy-and-Hold,0.16729924524157802,0.13171207315919964,0.7111942235323842,0.53027078966467,-0.6528240665971495,1.0,1.0,4.3050858734870914e-05,0.007598645213795713,0.5087655222790358,1.0
XRP,Buy-and-Hold,2.013190526192021,1.4163024411817133,0.9512274734110214,1.4011829220038223,-0.5121256911369827,1.0,1.0,0.00015215110624250777,0.010163243526030296,0.5032870708546384,1.0
SOL,Buy-and-Hold,-0.1722531243554415,-0.14033343778593177,0.8579144378813096,0.25229965617573746,-0.6606225762498531,1.0,1.0,2.4709077363659302e-05,0.0091662547607239,0.508217677136596,1.0
